feature,OLS,Ridge,Lasso,ElasticNet
log_rank,-0.9181822917345267,-0.8065414198126385,-0.8325272601637332,-0.8264808627067932
log_rank^2,-0.3866002103568714,-0.26220991597578813,-0.2523159053299727,-0.24630058111111228
log_rank is_placeholder,0.17435213424689336,0.153466463411965,0.0,0.0
log_rank word_count,0.2007627043040989,0.08619832321670451,0.0,0.0
name_len word_count,-0.1052771463645973,-0.07024548827007503,-0.005703521961358998,-0.0021151677697104168
has_initial vowel_ratio,0.16521326162001373,0.05152351009117125,0.0,0.0
vowel_ratio,0.06426802938181446,0.04579657222023701,0.008500111385966763,0.00720955378784474
log_rank has_initial,-0.09481393945694817,-0.04362510377894717,0.0,0.0
name_len,0.029903499276898143,0.04044132016897023,0.01671404514527108,0.01672118535878831
log_rank vowel_ratio,0.03327834414811958,0.03287488558711121,0.0,0.0
word_count,0.00033554750398291606,0.032706067709765814,0.004500547036126195,0.0008733418965757743
is_placeholder vowel_ratio,0.044742175090827715,0.025844314918086704,-0.0,-0.0
word_count is_placeholder,-0.022444731858398438,-0.021902150409769318,0.0,0.0
has_initial,0.07935090603855788,0.02094318721939546,-0.0,-0.0
has_initial^2,0.07935090603855796,0.020943187219390435,-0.0,-0.0
name_len has_initial,-0.1575305934324879,-0.020244045018658213,-0.0,-0.0
is_placeholder^2,-0.02205379126449934,-0.019702173047018594,0.0,0.0
is_placeholder,-0.02205379126449871,-0.019702173047016696,0.0,0.0
is_charlotte is_placeholder,0.02163298365485458,0.019256789841972658,0.0,0.0
word_count has_initial,0.0821215038741036,0.018967872408342246,-0.0,-0.0
log_rank name_len,-0.12504305957425502,-0.01759730596578102,0.02150154038979151,0.020284322118069246
vowel_ratio^2,0.023002521092154303,0.016433486176152416,-0.0,-0.0
has_initial is_charlotte,-0.06488448929044595,-0.01596877173534844,0.0,0.0
log_rank is_charlotte,0.037721127648339216,0.015552688395137262,0.0,0.0
word_count is_charlotte,-0.0035621142963741573,-0.014496772197622701,-0.0,-0.0
word_count^2,0.01720315611634801,-0.014364689154367692,-0.0,-0.0
name_len is_placeholder,-0.00747917021757899,-0.01311102854673975,0.0,0.0
name_len is_charlotte,-0.039318457230860485,0.0058798665601071925,-0.0,-0.0
is_charlotte vowel_ratio,0.009641589864986706,0.005687162417580673,0.0,0.0
has_initial is_placeholder,-0.02781260338913344,0.004167685083931967,0.0,0.0
name_len vowel_ratio,-0.0008831060614090536,-0.003340114318581809,0.0,-0.0
word_count vowel_ratio,-0.007912109294320764,0.00317874506088383,0.0,0.0
is_charlotte^2,-0.003389690634719791,-0.002871778170512883,-0.0,-0.0
is_charlotte,-0.003389690634720158,-0.0028717781705123358,-0.0,-0.0
name_len^2,-0.002636937403884115,-0.0004636905375493758,-0.0,-0.0
