rank,Name,bounty,log_bounty,tier,predicted_log,predicted_bounty,residual,verdict
142,Babe,3200000.0,6.505149978319906,5 Rookie,7.165514575301314,14639106.66844026,-0.6603645969814078,UNDERPRICED vs model
141,Porchemy,3400000.0,6.531478917042255,5 Rookie,7.145680827887107,13985591.144011002,-0.6142019108448515,UNDERPRICED vs model
140,Alvida,5000000.0,6.698970004336019,5 Rookie,7.171482313637954,14841654.371557737,-0.4725123093019352,UNDERPRICED vs model
139,Chew,5500000.0,6.740362689494244,5 Rookie,7.200471256005505,15866139.046525458,-0.460108566511261,UNDERPRICED vs model
1,Gol D. Roger,5564800000.0,9.74544956032262,1 Emperor-class,9.32071350766218,2092731481.979109,0.4247360526604389,OVERPRICED vs model
137,Sham,7000000.0,6.845098040014257,5 Rookie,7.215905775450542,16440149.9895405,-0.3708077354362853,UNDERPRICED vs model
137,Buchi,7000000.0,6.845098040014257,5 Rookie,7.20566405359784,16056986.920063237,-0.36056601358358265,UNDERPRICED vs model
136,Mikita,7500000.0,6.8750612633917,5 Rookie,7.233269295917244,17110759.84668668,-0.35820803252554434,UNDERPRICED vs model
133,Higuma,8000000.0,6.903089986991944,5 Rookie,7.256683342206494,18058569.386624858,-0.35359335521455026,UNDERPRICED vs model
135,Curly Dadan,7800000.0,6.892094602690481,5 Rookie,7.24010713483408,17382295.74628211,-0.3480125321435992,UNDERPRICED vs model
133,Hatchan,8000000.0,6.903089986991944,5 Rookie,7.242655320866877,17484584.68447,-0.3395653338749334,UNDERPRICED vs model
131,Kuroobi,9000000.0,6.954242509439325,5 Rookie,7.258525725870832,18135340.992071237,-0.30428321643150635,UNDERPRICED vs model
129,Wellington,10000000.0,7.0,5 Rookie,7.284011126869531,19231410.002358895,-0.28401112686953134,UNDERPRICED vs model
129,Gem,10000000.0,7.0,5 Rookie,7.273484031494884,18770853.988500006,-0.2734840314948839,UNDERPRICED vs model
131,Jango,9000000.0,6.954242509439325,5 Rookie,7.224664881676724,16775090.88055993,-0.27042237223739907,UNDERPRICED vs model
49,Page One,290000000.0,8.462397997898956,3 Rising Menace,8.19894776604488,158105786.9061485,0.2634502318540761,OVERPRICED vs model
48,Morley,293000000.0,8.46686762035411,3 Rising Menace,8.211515883366118,162748083.60882726,0.25535173698799163,OVERPRICED vs model
128,Machvise,11000000.0,7.041392685158225,5 Rookie,7.2963439749351835,19785360.82710367,-0.25495128977695813,UNDERPRICED vs model
59,Coribou,190000000.0,8.278753600952829,3 Rising Menace,8.035419817390887,108497521.51164058,0.24333378356194224,OVERPRICED vs model
58,Bellamy,195000000.0,8.290034611362518,3 Rising Menace,8.046772378515504,111371066.4972297,0.2432622328470142,OVERPRICED vs model
16,Sabo,602000000.0,8.779596491257825,2 Supernova/Warlord-class,9.011273446482905,1026297914.7131001,-0.2316769552250797,UNDERPRICED vs model
47,Bartholomew Kuma,296000000.0,8.471291711058939,3 Rising Menace,8.24543992012822,175970521.10729802,0.22585179093071872,OVERPRICED vs model
8,King,1390000000.0,9.143014800254095,1 Emperor-class,9.362650071674725,2304889299.4156833,-0.21963527142063022,UNDERPRICED vs model
55,Usopp,200000000.0,8.301029995663981,3 Rising Menace,8.08594450473955,121883384.32656187,0.21508549092443197,OVERPRICED vs model
55,Killer,200000000.0,8.301029995663981,3 Rising Menace,8.087828464429496,122413260.16893995,0.2132015312344855,OVERPRICED vs model
127,Gin,12000000.0,7.079181246047625,5 Rookie,7.2899703716467705,19497115.82378396,-0.21078912559914542,UNDERPRICED vs model
44,Caesar Clown,300000000.0,8.477121254719663,2 Supernova/Warlord-class,8.279285105136344,190232670.73195714,0.19783614958331874,OVERPRICED vs model
55,Bartolomeo,200000000.0,8.301029995663981,3 Rising Menace,8.104796626577862,127290685.87346281,0.19623336908611932,OVERPRICED vs model
17,Charlotte Snack,600000000.0,8.778151250383644,2 Supernova/Warlord-class,8.970676774635477,934709753.8236791,-0.1925255242518329,UNDERPRICED vs model
7,Monkey D. Luffy,1500000000.0,9.176091259055681,1 Emperor-class,9.367224923473003,2329297301.064119,-0.19113366441732182,UNDERPRICED vs model
4,Charlotte Linlin,4388000000.0,9.642266618902674,1 Emperor-class,9.454541011247521,2848006730.126012,0.18772560765515323,OVERPRICED vs model
50,Fisher Tiger,230000000.0,8.361727836017593,3 Rising Menace,8.177275616557091,150409620.87051255,0.1844522194605016,OVERPRICED vs model
51,X Drake,222000000.0,8.346352974450639,3 Rising Menace,8.16259298447029,145409568.09359345,0.1837599899803486,OVERPRICED vs model
52,Squard,210000000.0,8.32221929473392,3 Rising Menace,8.14466548473529,139529322.2634438,0.17755380999862957,OVERPRICED vs model
18,Portgas D. Ace,550000000.0,8.740362689494244,2 Supernova/Warlord-class,8.917883889138816,827720838.7083248,-0.17752119964457158,UNDERPRICED vs model
18,Little Oars Jr.,550000000.0,8.740362689494244,2 Supernova/Warlord-class,8.916728366132396,825521457.3428222,-0.17636567663815228,UNDERPRICED vs model
44,Charlotte Oven,300000000.0,8.477121254719663,2 Supernova/Warlord-class,8.303642390775117,201206678.01172996,0.17347886394454548,OVERPRICED vs model
11,Charlotte Katakuri,1057000000.0,9.024074987307426,1 Emperor-class,9.19416943171094,1563757593.8601413,-0.17009444440351373,UNDERPRICED vs model
15,Charlotte Perospero,700000000.0,8.845098040014257,2 Supernova/Warlord-class,9.01419458073942,1033224226.5224121,-0.1690965407251639,UNDERPRICED vs model
52,Sai,210000000.0,8.32221929473392,3 Rising Menace,8.15314112978516,142279106.6943261,0.16907816494875938,OVERPRICED vs model
9,Marco,1374000000.0,9.137986732723531,1 Emperor-class,9.304227191266893,2014777959.4279885,-0.16624045854336167,UNDERPRICED vs model
43,Lindbergh,316000000.0,8.499687082618404,2 Supernova/Warlord-class,8.334177697625805,215862746.09235987,0.1655093849925997,OVERPRICED vs model
52,Caribou,210000000.0,8.32221929473392,3 Rising Menace,8.157416497207901,143686675.71415442,0.16480279752601845,OVERPRICED vs model
12,Jack,1000000000.0,9.0,1 Emperor-class,9.162612052330008,1454159524.945692,-0.16261205233000808,UNDERPRICED vs model
123,Buggy,15000000.0,7.176091259055681,5 Rookie,7.333939545857699,21574440.702940773,-0.15784828680201723,UNDERPRICED vs model
88,Nami,66000000.0,7.819543935541868,4 Notorious,7.661700007627514,45888092.76791936,0.15784392791435398,OVERPRICED vs model
84,Gyro,73000000.0,7.863322860120456,4 Notorious,7.710164654020305,51305586.19366969,0.15315820610015063,OVERPRICED vs model
85,Doc Q,72000000.0,7.857332496431268,4 Notorious,7.704469304926785,50637155.89208983,0.15286319150448335,OVERPRICED vs model
10,Queen,1320000000.0,9.12057393120585,1 Emperor-class,9.272905719044584,1874587509.8341897,-0.15233178783873313,UNDERPRICED vs model
86,Gambia,67000000.0,7.826074802700827,4 Notorious,7.67489670356152,47303873.3866186,0.15117809913930724,OVERPRICED vs model
44,Charlotte Daifuku,300000000.0,8.477121254719663,2 Supernova/Warlord-class,8.32658681758159,212122539.3993647,0.1505344371380719,OVERPRICED vs model
89,Van Augur,64000000.0,7.8061799739838875,4 Notorious,7.658587598092748,45560407.31797873,0.14759237589113994,OVERPRICED vs model
82,Raccoon,75000000.0,7.8750612633917,4 Notorious,7.728237175992355,53485637.42947235,0.14682408739934516,OVERPRICED vs model
125,Bluejam,14300000.0,7.155336037465061,5 Rookie,7.299752396959177,19941250.861230917,-0.1444163594941159,UNDERPRICED vs model
60,Orlumbus,148000000.0,8.170261715394957,3 Rising Menace,8.027867612214793,106627103.58692318,0.14239410318016432,OVERPRICED vs model
86,Suleiman,67000000.0,7.826074802700827,4 Notorious,7.684081219181341,48314914.92832359,0.14199358351948632,OVERPRICED vs model
75,Gotti,90000000.0,7.954242509439325,4 Notorious,7.8139286981145775,65152141.93670019,0.14031381132474774,OVERPRICED vs model
81,Nico Olvia,79000000.0,7.897627091290442,4 Notorious,7.758161225676068,57300871.28757075,0.13946586561437346,OVERPRICED vs model
93,Kelly Funk,57000000.0,7.7558748556724915,4 Notorious,7.618160726291834,41510763.97214033,0.1377141293806572,OVERPRICED vs model
126,Drophy,14000000.0,7.146128035678238,5 Rookie,7.283787668731025,19221517.383706912,-0.1376596330527864,UNDERPRICED vs model
74,Albion,92000000.0,7.963787827345556,4 Notorious,7.826190283274095,67017817.92654075,0.1375975440714603,OVERPRICED vs model
91,Devil Dias,60000000.0,7.778151250383644,4 Notorious,7.64062117710917,43714063.33000063,0.13753007327447353,OVERPRICED vs model
90,Lao G,61000000.0,7.785329835010767,4 Notorious,7.649868044376851,44654789.284873396,0.13546179063391595,OVERPRICED vs model
40,Roronoa Zoro,320000000.0,8.505149978319906,2 Supernova/Warlord-class,8.369771218092424,234299422.46813,0.13537876022748208,OVERPRICED vs model
80,Boa Hancock,80000000.0,7.903089986991944,4 Notorious,7.768190003608227,58639465.575712085,0.13489998338371656,OVERPRICED vs model
72,Franky,94000000.0,7.973127853599698,4 Notorious,7.838474859501225,68940568.36046374,0.13465299409847376,OVERPRICED vs model
82,Daz Bones,75000000.0,7.8750612633917,4 Notorious,7.740733887842875,55047029.463675044,0.1343273755488248,OVERPRICED vs model
92,Senor Pink,58000000.0,7.763427993562937,4 Notorious,7.629886051931454,42646760.96291804,0.13354194163148314,OVERPRICED vs model
123,Dellinger,15000000.0,7.176091259055681,5 Rookie,7.3047039345380025,20169908.800981645,-0.12861267548232114,UNDERPRICED vs model
95,Peachbeard,52000000.0,7.7160033436347994,4 Notorious,7.5882140220588665,38744853.407056786,0.12778932157593292,OVERPRICED vs model
76,Lip Doughty,88000000.0,7.944482672150168,4 Notorious,7.819114093504642,65934708.956926085,0.12536857864552609,OVERPRICED vs model
122,Kuro,16000000.0,7.204119982655925,5 Rookie,7.32872591273879,21316991.534939703,-0.1246059300828648,UNDERPRICED vs model
77,Brook,83000000.0,7.919078092376074,4 Notorious,7.794851672021205,62352184.28379764,0.12422642035486842,OVERPRICED vs model
13,Charlotte Smoothie,932000000.0,8.96941591235398,2 Supernova/Warlord-class,9.093201914868239,1239372669.384997,-0.12378600251425809,UNDERPRICED vs model
20,Who's-Who,546000000.0,8.737192642704738,2 Supernova/Warlord-class,8.855337553824167,716700246.4744179,-0.11814491111942971,UNDERPRICED vs model
40,Gecko Moria,320000000.0,8.505149978319906,2 Supernova/Warlord-class,8.38750966555409,244067338.6480518,0.11764031276581655,OVERPRICED vs model
116,Jesus Burgess,20000000.0,7.301029995663981,4 Notorious,7.41783910912432,26172132.428721588,-0.11680911346033884,UNDERPRICED vs model
78,Crocodile,81000000.0,7.9084850188786495,4 Notorious,7.792026461651248,61947881.88975231,0.11645855722740173,OVERPRICED vs model
72,Rockstar,94000000.0,7.973127853599698,4 Notorious,7.857393190466031,72010062.93208374,0.11573466313366776,OVERPRICED vs model
62,Nico Robin,130000000.0,8.113943352306837,3 Rising Menace,7.999755610276149,99943743.0166762,0.11418774203068782,OVERPRICED vs model
40,Basil Hawkins,320000000.0,8.505149978319906,2 Supernova/Warlord-class,8.393143243126074,247253952.69834396,0.11200673519383209,OVERPRICED vs model
22,Izou,510000000.0,8.707570176097937,2 Supernova/Warlord-class,8.817666132655791,657152451.935968,-0.11009595655785454,UNDERPRICED vs model
116,Scotch (Yeti),20000000.0,7.301029995663981,4 Notorious,7.410827224734742,25752964.236484192,-0.10979722907076095,UNDERPRICED vs model
71,Vito,95000000.0,7.977723605288848,4 Notorious,7.868083393664829,73804593.68491724,0.10964021162401849,OVERPRICED vs model
120,Lacuba,17000000.0,7.230448921378274,5 Rookie,7.337837306756481,21768941.223125763,-0.10738838537820694,UNDERPRICED vs model
36,Donquixote Doflamingo,340000000.0,8.531478917042255,2 Supernova/Warlord-class,8.427087476482562,267354486.53064325,0.1043914405596933,OVERPRICED vs model
116,Rock (Yeti),20000000.0,7.301029995663981,4 Notorious,7.405273450943232,25425731.177262243,-0.10424345527925105,UNDERPRICED vs model
61,Jewelry Bonney,140000000.0,8.146128035678238,3 Rising Menace,8.042131819589171,110187370.59110953,0.10399621608906706,OVERPRICED vs model
37,Pekoms,330000000.0,8.518513939877888,2 Supernova/Warlord-class,8.416622599476387,260989238.04978728,0.10189134040150094,OVERPRICED vs model
68,Trebol,99000000.0,7.99563519459755,4 Notorious,7.895157367023482,78552021.70542298,0.10047782757406765,OVERPRICED vs model
68,Pica,99000000.0,7.99563519459755,4 Notorious,7.895745156989692,78658408.8498707,0.09989003760785753,OVERPRICED vs model
120,Krieg,17000000.0,7.230448921378274,5 Rookie,7.330187341023868,21388845.3826354,-0.09973841964559416,UNDERPRICED vs model
111,Mont Blanc Cricket,25000000.0,7.3979400086720375,4 Notorious,7.49573740725887,31313917.80394254,-0.09779739858683278,UNDERPRICED vs model
79,Chadros Higelyges,80060000.0,7.903415585769086,4 Notorious,7.808959636638195,64410939.91572371,0.09445594913089117,OVERPRICED vs model
66,Brogy,100000000.0,8.0,3 Rising Menace,7.906826990292668,80691351.64194056,0.093173009707332,OVERPRICED vs model
66,Dorry,100000000.0,8.0,3 Rising Menace,7.906826990292668,80691351.64194056,0.093173009707332,OVERPRICED vs model
63,Charlotte Mont-d'Or,120000000.0,8.079181246047625,3 Rising Menace,7.9865693749888065,96954813.43094727,0.09261187105881863,OVERPRICED vs model
5,Shanks,4048900000.0,9.60733705066703,1 Emperor-class,9.51560011422844,3277933315.166487,0.0917369364385916,OVERPRICED vs model
21,Chinjao,542000000.0,8.733999286538387,2 Supernova/Warlord-class,8.82373540127182,666400633.5304012,-0.08973611473343368,UNDERPRICED vs model
37,Vinsmoke Sanji,330000000.0,8.518513939877888,2 Supernova/Warlord-class,8.431512859056381,270092707.9083817,0.0870010808215067,OVERPRICED vs model
65,Bobbin,105500000.0,8.023252459633712,3 Rising Menace,7.937020174508245,86500810.05151723,0.0862322851254671,OVERPRICED vs model
14,Charlotte Cracker,860000000.0,8.934498451243568,2 Supernova/Warlord-class,9.014407446005434,1033730775.5759735,-0.07990899476186542,UNDERPRICED vs model
68,Diamante,99000000.0,7.99563519459755,4 Notorious,7.91722635821576,82646860.0254622,0.07840883638179008,OVERPRICED vs model
2,Edward Newgate,5046000000.0,9.702947246181555,1 Emperor-class,9.625844378701528,4225171860.1154637,0.07710286748002737,OVERPRICED vs model
24,Edward Weevil,480000000.0,8.681241237375588,2 Supernova/Warlord-class,8.758246528762013,573121272.9339669,-0.07700529138642587,UNDERPRICED vs model
33,Pedro,382000000.0,8.58206336291171,2 Supernova/Warlord-class,8.506301960591436,320849938.6544699,0.07576140232027306,OVERPRICED vs model
112,Charlotte Lola,24000000.0,7.380211241711606,4 Notorious,7.455383439482076,28535365.488698024,-0.07517219777046957,UNDERPRICED vs model
98,Roshio,42000000.0,7.623249290397901,4 Notorious,7.549147632496352,35411769.81156912,0.07410165790154899,OVERPRICED vs model
34,Scratchmen Apoo,350000000.0,8.544068044350276,2 Supernova/Warlord-class,8.47186936466465,296393970.539453,0.07219867968562532,OVERPRICED vs model
24,Black Maria,480000000.0,8.681241237375588,2 Supernova/Warlord-class,8.752612951190029,565734874.1285214,-0.0713717138144414,UNDERPRICED vs model
23,Trafalgar D. Water Law,500000000.0,8.698970004336019,2 Supernova/Warlord-class,8.7682601353478,586489356.9326781,-0.0692901310117815,UNDERPRICED vs model
34,Capone Bege,350000000.0,8.544068044350276,2 Supernova/Warlord-class,8.475182166005238,298663510.8463637,0.06888587834503745,OVERPRICED vs model
106,Zala,35000000.0,7.544068044350276,4 Notorious,7.481582830318746,30309783.22541797,0.062485214031529956,OVERPRICED vs model
116,Arlong,20000000.0,7.301029995663981,4 Notorious,7.3631126085992245,23073453.847830333,-0.0620826129352432,UNDERPRICED vs model
37,Cavendish,330000000.0,8.518513939877888,2 Supernova/Warlord-class,8.457573095914103,286796004.0060325,0.06094084396378463,OVERPRICED vs model
97,Laffitte,42200000.0,7.625312450961673,4 Notorious,7.56800937838549,36983616.61324512,0.05730307257618339,OVERPRICED vs model
94,(pirate shot by Demaro Black in chapter 598),55000000.0,7.740362689494244,4 Notorious,7.683230683014582,48220386.052144974,0.05713200647966232,OVERPRICED vs model
103,Shoujou,36000000.0,7.556302500767288,4 Notorious,7.503132946357793,31851724.18442124,0.05316955440949478,OVERPRICED vs model
31,Karasu,400000000.0,8.602059991327963,2 Supernova/Warlord-class,8.552176825602144,356596294.19187444,0.0498831657258183,OVERPRICED vs model
110,Demaro Black,26000000.0,7.414973347970818,4 Notorious,7.464411658815349,29134774.350294977,-0.049438310844530875,UNDERPRICED vs model
102,Sarquiss,38000000.0,7.57978359661681,4 Notorious,7.532046143845448,34044436.00371523,0.04773745277136232,OVERPRICED vs model
64,Urouge,108000000.0,8.03342375548695,3 Rising Menace,7.986489324368116,96936944.04032049,0.04693443111883422,OVERPRICED vs model
30,Tamago,429000000.0,8.632457292184725,2 Supernova/Warlord-class,8.586573703255427,385987911.2797672,0.045883588929298114,OVERPRICED vs model
100,Boa Sandersonia,40000000.0,7.6020599913279625,4 Notorious,7.563367329968789,36590414.56078866,0.03869266135917382,OVERPRICED vs model
103,Bobby Funk,36000000.0,7.556302500767288,4 Notorious,7.517645881884646,32934106.22139729,0.0386566188826416,OVERPRICED vs model
26,Sasaki,472000000.0,8.673941998634088,2 Supernova/Warlord-class,8.710824393644957,513835840.78106976,-0.03688239501086876,UNDERPRICED vs model
112,Galdino,24000000.0,7.380211241711606,4 Notorious,7.4168029164467155,26109762.20189906,-0.03659167473510916,UNDERPRICED vs model
107,Bentham,32000000.0,7.505149978319906,4 Notorious,7.46897184916389,29442307.834702905,0.03617812915601615,OVERPRICED vs model
31,Ulti,400000000.0,8.602059991327963,2 Supernova/Warlord-class,8.569881683236009,371434023.9001473,0.03217830809195377,OVERPRICED vs model
96,(pirate defeated by Smoker in chapter 439),50000000.0,7.698970004336019,4 Notorious,7.669675398532197,46738567.613345444,0.029294605803821483,OVERPRICED vs model
100,Boa Marigold,40000000.0,7.6020599913279625,4 Notorious,7.5730020943379515,37411239.2384067,0.029057896990011045,OVERPRICED vs model
6,Marshall D. Teach,2247600000.0,9.351719023422863,1 Emperor-class,9.379565726883555,2396435403.0117474,-0.027846703460692623,UNDERPRICED vs model
103,Mikazuki,36000000.0,7.556302500767288,4 Notorious,7.530001414457023,33884525.97251259,0.026301086310264843,OVERPRICED vs model
28,Belo Betty,457000000.0,8.65991620006985,2 Supernova/Warlord-class,8.634997459034873,431516552.1083315,0.024918741034976932,OVERPRICED vs model
115,Masira,23000000.0,7.361727836017593,4 Notorious,7.382783434296972,24142566.386953864,-0.02105559827937853,UNDERPRICED vs model
108,Gladius,31000000.0,7.491361693834273,4 Notorious,7.471115481726583,29587991.25884105,0.020246212107689843,OVERPRICED vs model
29,Jinbe,438000000.0,8.641474110504099,2 Supernova/Warlord-class,8.626283257441527,422944378.9534711,0.015190853062572174,OVERPRICED vs model
98,(criminal defeated by Mr. 3),42000000.0,7.623249290397901,4 Notorious,7.635154553675729,43167267.014002696,-0.011905263277828482,UNDERPRICED vs model
112,Foxy,24000000.0,7.380211241711606,4 Notorious,7.3704795559691405,23468187.85655409,0.009731685742465856,OVERPRICED vs model
3,Kaidou,4611100000.0,9.663804540778779,1 Emperor-class,9.654240187412839,4510660985.594198,0.009564353365940192,OVERPRICED vs model
27,Eustass Kid,470000000.0,8.672097857935718,2 Supernova/Warlord-class,8.664881695518696,462255083.1262424,0.007216162417021721,OVERPRICED vs model
109,Marianne,29000000.0,7.462397997898956,4 Notorious,7.466352875494019,29265292.927677814,-0.003954877595063522,UNDERPRICED vs model
