,count,mean,std,min,25%,50%,75%,max
bounty,142.0,395020140.8450704,903154201.2570208,3200000.0,32750000.0,94500000.0,337500000.0,5564800000.0
log_bounty,142.0,8.02373335010172,0.71669604109758,6.505149978319906,7.514879494827499,7.975425729444273,8.528237672751164,9.74544956032262
log_rank,142.0,1.7260747590788417,0.40947511451063767,0.0,1.559277306592214,1.8542954225751718,2.0283642995801,2.1522883443830563
name_len,142.0,2.2280482380030358,0.46768268051005124,1.3862943611198906,1.9459101490553132,2.1972245773362196,2.5649493574615367,3.8066624897703196
word_count,142.0,1.4788732394366197,0.627030713548143,1.0,1.0,1.0,2.0,3.0
has_initial,142.0,0.035211267605633804,0.18496585197533957,0.0,0.0,0.0,0.0,1.0
is_charlotte,142.0,0.07042253521126761,0.2567634704786691,0.0,0.0,0.0,0.0,1.0
is_placeholder,142.0,0.02112676056338028,0.14431593883136792,0.0,0.0,0.0,0.0,1.0
vowel_ratio,142.0,0.3935160692666472,0.11146258457860547,0.16666666666666666,0.3333333333333333,0.38585607940446653,0.5,0.75
