Name,rank,bounty,log_bounty,tier,log_rank,name_len,word_count,has_initial,is_charlotte,is_placeholder,vowel_ratio
Gol D. Roger,1,5564800000.0,9.74544956032262,1 Emperor-class,0.0,2.5649493574615367,3,1,0,0,0.3333333333333333
Edward Newgate,2,5046000000.0,9.702947246181555,1 Emperor-class,0.3010299956639812,2.70805020110221,2,0,0,0,0.38461538461538464
Kaidou,3,4611100000.0,9.663804540778779,1 Emperor-class,0.47712125471966244,1.9459101490553132,1,0,0,0,0.6666666666666666
Charlotte Linlin,4,4388000000.0,9.642266618902674,1 Emperor-class,0.6020599913279624,2.833213344056216,2,0,1,0,0.3333333333333333
Shanks,5,4048900000.0,9.60733705066703,1 Emperor-class,0.6989700043360189,1.9459101490553132,1,0,0,0,0.16666666666666666
Marshall D. Teach,6,2247600000.0,9.351719023422863,1 Emperor-class,0.7781512503836436,2.8903717578961645,3,1,0,0,0.2857142857142857
Monkey D. Luffy,7,1500000000.0,9.176091259055681,1 Emperor-class,0.8450980400142568,2.772588722239781,3,1,0,0,0.25
King,8,1390000000.0,9.143014800254095,1 Emperor-class,0.9030899869919435,1.6094379124341003,1,0,0,0,0.25
Marco,9,1374000000.0,9.137986732723531,1 Emperor-class,0.9542425094393249,1.791759469228055,1,0,0,0,0.4
Queen,10,1320000000.0,9.12057393120585,1 Emperor-class,1.0,1.791759469228055,1,0,0,0,0.6
Charlotte Katakuri,11,1057000000.0,9.024074987307426,1 Emperor-class,1.041392685158225,2.9444389791664403,2,0,1,0,0.4117647058823529
Jack,12,1000000000.0,9.0,1 Emperor-class,1.0791812460476249,1.6094379124341003,1,0,0,0,0.25
Charlotte Smoothie,13,932000000.0,8.96941591235398,2 Supernova/Warlord-class,1.1139433523068367,2.9444389791664403,2,0,1,0,0.4117647058823529
Charlotte Cracker,14,860000000.0,8.934498451243568,2 Supernova/Warlord-class,1.146128035678238,2.8903717578961645,2,0,1,0,0.3125
Charlotte Perospero,15,700000000.0,8.845098040014257,2 Supernova/Warlord-class,1.1760912590556813,2.995732273553991,2,0,1,0,0.3888888888888889
Sabo,16,602000000.0,8.779596491257825,2 Supernova/Warlord-class,1.2041199826559248,1.6094379124341003,1,0,0,0,0.5
Charlotte Snack,17,600000000.0,8.778151250383644,2 Supernova/Warlord-class,1.2304489213782739,2.772588722239781,2,0,1,0,0.2857142857142857
Little Oars Jr.,18,550000000.0,8.740362689494244,2 Supernova/Warlord-class,1.255272505103306,2.772588722239781,3,0,0,0,0.3333333333333333
Portgas D. Ace,18,550000000.0,8.740362689494244,2 Supernova/Warlord-class,1.255272505103306,2.70805020110221,3,1,0,0,0.36363636363636365
Who's-Who,20,546000000.0,8.737192642704738,2 Supernova/Warlord-class,1.3010299956639813,2.302585092994046,1,0,0,0,0.2857142857142857
Chinjao,21,542000000.0,8.733999286538387,2 Supernova/Warlord-class,1.3222192947339193,2.0794415416798357,1,0,0,0,0.42857142857142855
Izou,22,510000000.0,8.707570176097937,2 Supernova/Warlord-class,1.3424226808222062,1.6094379124341003,1,0,0,0,0.75
Trafalgar D. Water Law,23,500000000.0,8.698970004336019,2 Supernova/Warlord-class,1.3617278360175928,3.1354942159291497,3,1,0,0,0.3333333333333333
Black Maria,24,480000000.0,8.681241237375588,2 Supernova/Warlord-class,1.380211241711606,2.4849066497880004,2,0,0,0,0.4
Edward Weevil,24,480000000.0,8.681241237375588,2 Supernova/Warlord-class,1.380211241711606,2.639057329615259,2,0,0,0,0.4166666666666667
Sasaki,26,472000000.0,8.673941998634088,2 Supernova/Warlord-class,1.414973347970818,1.9459101490553132,1,0,0,0,0.5
Eustass Kid,27,470000000.0,8.672097857935718,2 Supernova/Warlord-class,1.4313637641589874,2.4849066497880004,2,0,0,0,0.4
Belo Betty,28,457000000.0,8.65991620006985,2 Supernova/Warlord-class,1.4471580313422192,2.3978952727983707,2,0,0,0,0.3333333333333333
Jinbe,29,438000000.0,8.641474110504099,2 Supernova/Warlord-class,1.462397997898956,1.791759469228055,1,0,0,0,0.4
Tamago,30,429000000.0,8.632457292184725,2 Supernova/Warlord-class,1.4771212547196624,1.9459101490553132,1,0,0,0,0.5
Karasu,31,400000000.0,8.602059991327963,2 Supernova/Warlord-class,1.4913616938342726,1.9459101490553132,1,0,0,0,0.5
Ulti,31,400000000.0,8.602059991327963,2 Supernova/Warlord-class,1.4913616938342726,1.6094379124341003,1,0,0,0,0.5
Pedro,33,382000000.0,8.58206336291171,2 Supernova/Warlord-class,1.5185139398778875,1.791759469228055,1,0,0,0,0.4
Capone Bege,34,350000000.0,8.544068044350276,2 Supernova/Warlord-class,1.5314789170422551,2.4849066497880004,2,0,0,0,0.5
Scratchmen Apoo,34,350000000.0,8.544068044350276,2 Supernova/Warlord-class,1.5314789170422551,2.772588722239781,2,0,0,0,0.35714285714285715
Donquixote Doflamingo,36,340000000.0,8.531478917042255,2 Supernova/Warlord-class,1.5563025007672873,3.091042453358316,2,0,0,0,0.45
Cavendish,37,330000000.0,8.518513939877888,2 Supernova/Warlord-class,1.568201724066995,2.302585092994046,1,0,0,0,0.3333333333333333
Pekoms,37,330000000.0,8.518513939877888,2 Supernova/Warlord-class,1.568201724066995,1.9459101490553132,1,0,0,0,0.3333333333333333
Vinsmoke Sanji,37,330000000.0,8.518513939877888,2 Supernova/Warlord-class,1.568201724066995,2.70805020110221,2,0,0,0,0.38461538461538464
Basil Hawkins,40,320000000.0,8.505149978319906,2 Supernova/Warlord-class,1.6020599913279625,2.639057329615259,2,0,0,0,0.3333333333333333
Gecko Moria,40,320000000.0,8.505149978319906,2 Supernova/Warlord-class,1.6020599913279625,2.4849066497880004,2,0,0,0,0.5
Roronoa Zoro,40,320000000.0,8.505149978319906,2 Supernova/Warlord-class,1.6020599913279625,2.5649493574615367,2,0,0,0,0.5454545454545454
Lindbergh,43,316000000.0,8.499687082618404,2 Supernova/Warlord-class,1.6334684555795866,2.302585092994046,1,0,0,0,0.2222222222222222
Caesar Clown,44,300000000.0,8.477121254719663,2 Supernova/Warlord-class,1.6434526764861874,2.5649493574615367,2,0,0,0,0.36363636363636365
Charlotte Daifuku,44,300000000.0,8.477121254719663,2 Supernova/Warlord-class,1.6434526764861874,2.8903717578961645,2,0,1,0,0.4375
Charlotte Oven,44,300000000.0,8.477121254719663,2 Supernova/Warlord-class,1.6434526764861874,2.70805020110221,2,0,1,0,0.38461538461538464
Bartholomew Kuma,47,296000000.0,8.471291711058939,3 Rising Menace,1.6720978579357175,2.833213344056216,2,0,0,0,0.4
Morley,48,293000000.0,8.46686762035411,3 Rising Menace,1.6812412373755872,1.9459101490553132,1,0,0,0,0.3333333333333333
Page One,49,290000000.0,8.462397997898956,3 Rising Menace,1.6901960800285136,2.1972245773362196,2,0,0,0,0.5714285714285714
Fisher Tiger,50,230000000.0,8.361727836017593,3 Rising Menace,1.6989700043360187,2.5649493574615367,2,0,0,0,0.36363636363636365
X Drake,51,222000000.0,8.346352974450639,3 Rising Menace,1.7075701760979363,2.0794415416798357,2,0,0,0,0.3333333333333333
Caribou,52,210000000.0,8.32221929473392,3 Rising Menace,1.7160033436347992,2.0794415416798357,1,0,0,0,0.5714285714285714
Sai,52,210000000.0,8.32221929473392,3 Rising Menace,1.7160033436347992,1.3862943611198906,1,0,0,0,0.6666666666666666
Squard,52,210000000.0,8.32221929473392,3 Rising Menace,1.7160033436347992,1.9459101490553132,1,0,0,0,0.3333333333333333
Bartolomeo,55,200000000.0,8.301029995663981,3 Rising Menace,1.7403626894942439,2.3978952727983707,1,0,0,0,0.5
Killer,55,200000000.0,8.301029995663981,3 Rising Menace,1.7403626894942439,1.9459101490553132,1,0,0,0,0.3333333333333333
Usopp,55,200000000.0,8.301029995663981,3 Rising Menace,1.7403626894942439,1.791759469228055,1,0,0,0,0.4
Bellamy,58,195000000.0,8.290034611362518,3 Rising Menace,1.7634279935629373,2.0794415416798357,1,0,0,0,0.2857142857142857
Coribou,59,190000000.0,8.278753600952829,3 Rising Menace,1.7708520116421442,2.0794415416798357,1,0,0,0,0.5714285714285714
Orlumbus,60,148000000.0,8.170261715394957,3 Rising Menace,1.7781512503836436,2.1972245773362196,1,0,0,0,0.375
Jewelry Bonney,61,140000000.0,8.146128035678238,3 Rising Menace,1.7853298350107671,2.70805020110221,2,0,0,0,0.3076923076923077
Nico Robin,62,130000000.0,8.113943352306837,3 Rising Menace,1.792391689498254,2.3978952727983707,2,0,0,0,0.4444444444444444
Charlotte Mont-d'Or,63,120000000.0,8.079181246047625,3 Rising Menace,1.7993405494535817,2.995732273553991,2,0,1,0,0.3125
Urouge,64,108000000.0,8.03342375548695,3 Rising Menace,1.806179973983887,1.9459101490553132,1,0,0,0,0.6666666666666666
Bobbin,65,105500000.0,8.023252459633712,3 Rising Menace,1.8129133566428555,1.9459101490553132,1,0,0,0,0.3333333333333333
Brogy,66,100000000.0,8.0,3 Rising Menace,1.8195439355418688,1.791759469228055,1,0,0,0,0.2
Dorry,66,100000000.0,8.0,3 Rising Menace,1.8195439355418688,1.791759469228055,1,0,0,0,0.2
Diamante,68,99000000.0,7.99563519459755,4 Notorious,1.8325089127062364,2.1972245773362196,1,0,0,0,0.5
Pica,68,99000000.0,7.99563519459755,4 Notorious,1.8325089127062364,1.6094379124341003,1,0,0,0,0.5
Trebol,68,99000000.0,7.99563519459755,4 Notorious,1.8325089127062364,1.9459101490553132,1,0,0,0,0.3333333333333333
Vito,71,95000000.0,7.977723605288848,4 Notorious,1.8512583487190752,1.6094379124341003,1,0,0,0,0.5
Franky,72,94000000.0,7.973127853599698,4 Notorious,1.8573324964312685,1.9459101490553132,1,0,0,0,0.16666666666666666
Rockstar,72,94000000.0,7.973127853599698,4 Notorious,1.8573324964312685,2.1972245773362196,1,0,0,0,0.25
Albion,74,92000000.0,7.963787827345556,4 Notorious,1.8692317197309762,1.9459101490553132,1,0,0,0,0.5
Gotti,75,90000000.0,7.954242509439325,4 Notorious,1.8750612633917,1.791759469228055,1,0,0,0,0.4
Lip Doughty,76,88000000.0,7.944482672150168,4 Notorious,1.8808135922807914,2.4849066497880004,2,0,0,0,0.3
Brook,77,83000000.0,7.919078092376074,4 Notorious,1.8864907251724818,1.791759469228055,1,0,0,0,0.4
Crocodile,78,81000000.0,7.9084850188786495,4 Notorious,1.8920946026904804,2.302585092994046,1,0,0,0,0.4444444444444444
Chadros Higelyges,79,80060000.0,7.903415585769086,4 Notorious,1.8976270912904414,2.8903717578961645,2,0,0,0,0.3125
Boa Hancock,80,80000000.0,7.903089986991944,4 Notorious,1.9030899869919435,2.4849066497880004,2,0,0,0,0.4
Nico Olvia,81,79000000.0,7.897627091290442,4 Notorious,1.9084850188786497,2.3978952727983707,2,0,0,0,0.5555555555555556
Daz Bones,82,75000000.0,7.8750612633917,4 Notorious,1.9138138523837167,2.302585092994046,2,0,0,0,0.375
Raccoon,82,75000000.0,7.8750612633917,4 Notorious,1.9138138523837167,2.0794415416798357,1,0,0,0,0.42857142857142855
Gyro,84,73000000.0,7.863322860120456,4 Notorious,1.9242792860618816,1.6094379124341003,1,0,0,0,0.25
Doc Q,85,72000000.0,7.857332496431268,4 Notorious,1.9294189257142929,1.791759469228055,2,0,0,0,0.25
Gambia,86,67000000.0,7.826074802700827,4 Notorious,1.9344984512435677,1.9459101490553132,1,0,0,0,0.5
Suleiman,86,67000000.0,7.826074802700827,4 Notorious,1.9344984512435677,2.1972245773362196,1,0,0,0,0.5
Nami,88,66000000.0,7.819543935541868,4 Notorious,1.9444826721501687,1.6094379124341003,1,0,0,0,0.5
Van Augur,89,64000000.0,7.8061799739838875,4 Notorious,1.9493900066449128,2.302585092994046,2,0,0,0,0.5
Lao G,90,61000000.0,7.785329835010767,4 Notorious,1.9542425094393248,1.791759469228055,2,0,0,0,0.5
Devil Dias,91,60000000.0,7.778151250383644,4 Notorious,1.9590413923210936,2.3978952727983707,2,0,0,0,0.4444444444444444
Senor Pink,92,58000000.0,7.763427993562937,4 Notorious,1.9637878273455553,2.3978952727983707,2,0,0,0,0.3333333333333333
Kelly Funk,93,57000000.0,7.7558748556724915,4 Notorious,1.968482948553935,2.3978952727983707,2,0,0,0,0.2222222222222222
(pirate shot by Demaro Black in chapter 598),94,55000000.0,7.740362689494244,4 Notorious,1.9731278535996986,3.8066624897703196,3,0,0,1,0.34375
Peachbeard,95,52000000.0,7.7160033436347994,4 Notorious,1.9777236052888478,2.3978952727983707,1,0,0,0,0.4
(pirate defeated by Smoker in chapter 439),96,50000000.0,7.698970004336019,4 Notorious,1.9822712330395684,3.7612001156935624,3,0,0,1,0.3870967741935484
Laffitte,97,42200000.0,7.625312450961673,4 Notorious,1.9867717342662448,2.1972245773362196,1,0,0,0,0.375
(criminal defeated by Mr. 3),98,42000000.0,7.623249290397901,4 Notorious,1.9912260756924949,3.367295829986474,3,0,0,1,0.35
Roshio,98,42000000.0,7.623249290397901,4 Notorious,1.9912260756924949,1.9459101490553132,1,0,0,0,0.5
Boa Marigold,100,40000000.0,7.6020599913279625,4 Notorious,2.0,2.5649493574615367,2,0,0,0,0.45454545454545453
Boa Sandersonia,100,40000000.0,7.6020599913279625,4 Notorious,2.0,2.772588722239781,2,0,0,0,0.5
Sarquiss,102,38000000.0,7.57978359661681,4 Notorious,2.0086001717619175,2.1972245773362196,1,0,0,0,0.375
Bobby Funk,103,36000000.0,7.556302500767288,4 Notorious,2.012837224705172,2.3978952727983707,2,0,0,0,0.2222222222222222
Mikazuki,103,36000000.0,7.556302500767288,4 Notorious,2.012837224705172,2.1972245773362196,1,0,0,0,0.5
Shoujou,103,36000000.0,7.556302500767288,4 Notorious,2.012837224705172,2.0794415416798357,1,0,0,0,0.5714285714285714
Zala,106,35000000.0,7.544068044350276,4 Notorious,2.0253058652647704,1.6094379124341003,1,0,0,0,0.5
Bentham,107,32000000.0,7.505149978319906,4 Notorious,2.0293837776852097,2.0794415416798357,1,0,0,0,0.2857142857142857
Gladius,108,31000000.0,7.491361693834273,4 Notorious,2.03342375548695,2.0794415416798357,1,0,0,0,0.42857142857142855
Marianne,109,29000000.0,7.462397997898956,4 Notorious,2.037426497940624,2.1972245773362196,1,0,0,0,0.5
Demaro Black,110,26000000.0,7.414973347970818,4 Notorious,2.041392685158225,2.5649493574615367,2,0,0,0,0.36363636363636365
Mont Blanc Cricket,111,25000000.0,7.3979400086720375,4 Notorious,2.0453229787866576,2.9444389791664403,3,0,0,0,0.25
Charlotte Lola,112,24000000.0,7.380211241711606,4 Notorious,2.0492180226701815,2.70805020110221,2,0,1,0,0.38461538461538464
Foxy,112,24000000.0,7.380211241711606,4 Notorious,2.0492180226701815,1.6094379124341003,1,0,0,0,0.25
Galdino,112,24000000.0,7.380211241711606,4 Notorious,2.0492180226701815,2.0794415416798357,1,0,0,0,0.42857142857142855
Masira,115,23000000.0,7.361727836017593,4 Notorious,2.060697840353612,1.9459101490553132,1,0,0,0,0.5
Arlong,116,20000000.0,7.301029995663981,4 Notorious,2.0644579892269186,1.9459101490553132,1,0,0,0,0.3333333333333333
Jesus Burgess,116,20000000.0,7.301029995663981,4 Notorious,2.0644579892269186,2.639057329615259,2,0,0,0,0.3333333333333333
Rock (Yeti),116,20000000.0,7.301029995663981,4 Notorious,2.0644579892269186,2.4849066497880004,2,0,0,0,0.375
Scotch (Yeti),116,20000000.0,7.301029995663981,4 Notorious,2.0644579892269186,2.639057329615259,2,0,0,0,0.3
Krieg,120,17000000.0,7.230448921378274,5 Rookie,2.0791812460476247,1.791759469228055,1,0,0,0,0.4
Lacuba,120,17000000.0,7.230448921378274,5 Rookie,2.0791812460476247,1.9459101490553132,1,0,0,0,0.5
Kuro,122,16000000.0,7.204119982655925,5 Rookie,2.0863598306747484,1.6094379124341003,1,0,0,0,0.5
Buggy,123,15000000.0,7.176091259055681,5 Rookie,2.089905111439398,1.791759469228055,1,0,0,0,0.2
Dellinger,123,15000000.0,7.176091259055681,5 Rookie,2.089905111439398,2.302585092994046,1,0,0,0,0.3333333333333333
Bluejam,125,14300000.0,7.155336037465061,5 Rookie,2.0969100130080562,2.0794415416798357,1,0,0,0,0.42857142857142855
Drophy,126,14000000.0,7.146128035678238,5 Rookie,2.100370545117563,1.9459101490553132,1,0,0,0,0.16666666666666666
Gin,127,12000000.0,7.079181246047625,5 Rookie,2.103803720955957,1.3862943611198906,1,0,0,0,0.3333333333333333
Machvise,128,11000000.0,7.041392685158225,5 Rookie,2.1072099696478683,2.1972245773362196,1,0,0,0,0.375
Gem,129,10000000.0,7.0,5 Rookie,2.110589710299249,1.3862943611198906,1,0,0,0,0.3333333333333333
Wellington,129,10000000.0,7.0,5 Rookie,2.110589710299249,2.3978952727983707,1,0,0,0,0.3
Jango,131,9000000.0,6.954242509439325,5 Rookie,2.1172712956557644,1.791759469228055,1,0,0,0,0.4
Kuroobi,131,9000000.0,6.954242509439325,5 Rookie,2.1172712956557644,2.0794415416798357,1,0,0,0,0.5714285714285714
Hatchan,133,8000000.0,6.903089986991944,5 Rookie,2.123851640967086,2.0794415416798357,1,0,0,0,0.2857142857142857
Higuma,133,8000000.0,6.903089986991944,5 Rookie,2.123851640967086,1.9459101490553132,1,0,0,0,0.5
Curly Dadan,135,7800000.0,6.892094602690481,5 Rookie,2.130333768495006,2.4849066497880004,2,0,0,0,0.3
Mikita,136,7500000.0,6.8750612633917,5 Rookie,2.1335389083702174,1.9459101490553132,1,0,0,0,0.5
Buchi,137,7000000.0,6.845098040014257,5 Rookie,2.1367205671564067,1.791759469228055,1,0,0,0,0.4
Sham,137,7000000.0,6.845098040014257,5 Rookie,2.1367205671564067,1.6094379124341003,1,0,0,0,0.25
Chew,139,5500000.0,6.740362689494244,5 Rookie,2.143014800254095,1.6094379124341003,1,0,0,0,0.25
Alvida,140,5000000.0,6.698970004336019,5 Rookie,2.146128035678238,1.9459101490553132,1,0,0,0,0.5
Porchemy,141,3400000.0,6.531478917042255,5 Rookie,2.1492191126553797,2.1972245773362196,1,0,0,0,0.25
Babe,142,3200000.0,6.505149978319906,5 Rookie,2.1522883443830563,1.6094379124341003,1,0,0,0,0.5
