Name,Bounty_Berry,Bounty_Known,Bounty_Billions,Bounty_Log10,Bounty_Percentile,Bounty_Log_Zscore,Bounty_Log_MinMax,Tier,Tier_Code,Tier_Calamity,Tier_Menace,Tier_Unknown,Tier_Wanted,Is_Anonymous,Name_Length,Word_Count,Has_D_Clan,Has_Parentheses,Name_Group,Group_Size,Is_Charlotte,High_Bounty
Gol D. Roger,5564800000.0,True,5.5648,9.74544956032262,100.0,1.8401567683865339,1.0,Calamity,2.0,1,0,0,0,0,12,3,1,0,Other,1,0,1.0
Edward Newgate,5046000000.0,True,5.046,9.702947246181555,99.3103448275862,1.7970401348153537,0.9945126084922443,Calamity,2.0,1,0,0,0,0,14,2,0,0,Other,1,0,1.0
Kaidou,4611100000.0,True,4.6111,9.663804540778779,98.62068965517241,1.7573316690542962,0.9894589695655523,Calamity,2.0,1,0,0,0,0,6,1,0,0,Other,1,0,1.0
Charlotte Linlin,4388000000.0,True,4.388,9.642266618902674,97.93103448275862,1.7354824426254818,0.9866782501627127,Calamity,2.0,1,0,0,0,0,16,2,0,0,Charlotte,10,1,1.0
Shanks,4048900000.0,True,4.0489,9.60733705066703,97.24137931034483,1.7000480098221937,0.9821685612203721,Calamity,2.0,1,0,0,0,0,6,1,0,0,Other,1,0,1.0
Marshall D. Teach,2247600000.0,True,2.2476,9.351719023422863,96.55172413793103,1.4407353338513036,0.9491662125182885,Calamity,2.0,1,0,0,0,0,17,3,1,0,Other,1,0,1.0
Monkey D. Luffy,1500000000.0,True,1.5,9.176091259055681,95.86206896551724,1.2625690830440541,0.9264912518204789,Calamity,2.0,1,0,0,0,0,15,3,1,0,Other,1,0,1.0
King,1390000000.0,True,1.39,9.143014800254095,95.17241379310344,1.2290145441253755,0.9222208142501375,Calamity,2.0,1,0,0,0,0,4,1,0,0,Other,1,0,1.0
Marco,1374000000.0,True,1.374,9.137986732723531,94.48275862068965,1.2239138019736204,0.9215716501840101,Calamity,2.0,1,0,0,0,0,5,1,0,0,Other,1,0,1.0
Queen,1320000000.0,True,1.32,9.12057393120585,93.79310344827586,1.2062493195175896,0.9193235170857221,Calamity,2.0,1,0,0,0,0,5,1,0,0,Other,1,0,1.0
Charlotte Katakuri,1057000000.0,True,1.057,9.024074987307426,93.10344827586206,1.1083556003599702,0.9068647252303395,Calamity,2.0,1,0,0,0,0,18,2,0,0,Charlotte,10,1,1.0
Jack,1000000000.0,True,1.0,9.0,92.41379310344827,1.083932638294425,0.9037564502206158,Calamity,2.0,1,0,0,0,0,4,1,0,0,Other,1,0,1.0
Charlotte Smoothie,932000000.0,True,0.932,8.96941591235398,91.72413793103448,1.0529064947351447,0.8998077978657297,Menace,1.0,0,1,0,0,0,18,2,0,0,Charlotte,10,1,1.0
Charlotte Cracker,860000000.0,True,0.86,8.934498451243568,91.0344827586207,1.0174843440509074,0.8952996720508922,Menace,1.0,0,1,0,0,0,17,2,0,0,Charlotte,10,1,1.0
Charlotte Perospero,700000000.0,True,0.7,8.845098040014257,90.3448275862069,0.9267917582473774,0.8837573580079114,Menace,1.0,0,1,0,0,0,19,2,0,0,Charlotte,10,1,1.0
Sabo,602000000.0,True,0.602,8.779596491257825,89.65517241379311,0.8603434640038595,0.8753005798381878,Menace,1.0,0,1,0,0,0,4,1,0,0,Other,1,0,1.0
Charlotte Snack,600000000.0,True,0.6,8.778151250383644,88.96551724137932,0.8588773339247454,0.8751139875864501,Menace,1.0,0,1,0,0,0,15,2,0,0,Charlotte,10,1,1.0
Little Oars Jr.,550000000.0,True,0.55,8.740362689494244,87.93103448275862,0.8205425851945275,0.8702351796366858,Menace,1.0,0,1,0,0,0,15,3,0,0,Other,1,0,1.0
Portgas D. Ace,550000000.0,True,0.55,8.740362689494244,87.93103448275862,0.8205425851945275,0.8702351796366858,Menace,1.0,0,1,0,0,0,14,3,1,0,Other,1,0,1.0
Who's-Who,546000000.0,True,0.546,8.737192642704738,86.89655172413792,0.8173267192213713,0.8698259010318976,Menace,1.0,0,1,0,0,0,9,1,0,0,Other,1,0,1.0
Chinjao,542000000.0,True,0.542,8.733999286538387,86.20689655172413,0.8140872069625835,0.8694136129985846,Menace,1.0,0,1,0,0,0,7,1,0,0,Other,1,0,1.0
Izou,510000000.0,True,0.51,8.707570176097937,85.51724137931035,0.787276095767766,0.8660014017079918,Menace,1.0,0,1,0,0,0,4,1,0,0,Other,1,0,1.0
Trafalgar D. Water Law,500000000.0,True,0.5,8.698970004336019,84.82758620689656,0.7785516189480541,0.8648910501790148,Menace,1.0,0,1,0,0,0,22,4,1,0,Other,1,0,1.0
Black Maria,480000000.0,True,0.48,8.681241237375588,83.79310344827586,0.7605666041518077,0.8626021233940223,Menace,1.0,0,1,0,0,0,11,2,0,0,Other,1,0,1.0
Edward Weevil,480000000.0,True,0.48,8.681241237375588,83.79310344827586,0.7605666041518077,0.8626021233940223,Menace,1.0,0,1,0,0,0,13,2,0,0,Other,1,0,1.0
Sasaki,472000000.0,True,0.472,8.673941998634088,82.75862068965517,0.7531618637623493,0.861659732809118,Menace,1.0,0,1,0,0,0,6,1,0,0,Other,1,0,1.0
Eustass Kid,470000000.0,True,0.47,8.672097857935718,82.06896551724138,0.7512910682456291,0.8614216393732227,Menace,1.0,0,1,0,0,0,11,2,0,0,Other,1,0,1.0
Belo Betty,457000000.0,True,0.457,8.65991620006985,81.37931034482759,0.7389333392817683,0.8598488891059857,Menace,1.0,0,1,0,0,0,10,2,0,0,Other,1,0,1.0
Jinbe,438000000.0,True,0.438,8.641474110504099,80.6896551724138,0.7202246916666235,0.8574678666201866,Menace,1.0,0,1,0,0,0,5,1,0,0,Other,1,0,1.0
Tamago,429000000.0,True,0.429,8.632457292184725,80.0,0.7110775461685215,0.8563037226606721,Menace,1.0,0,1,0,0,0,6,1,0,0,Other,1,0,1.0
Karasu,400000000.0,True,0.4,8.602059991327963,78.96551724137932,0.6802408891751164,0.852379185986587,Menace,1.0,0,1,0,0,0,6,1,0,0,Other,1,0,1.0
Ulti,400000000.0,True,0.4,8.602059991327963,78.96551724137932,0.6802408891751164,0.852379185986587,Menace,1.0,0,1,0,0,0,4,1,0,0,Other,1,0,1.0
Pedro,382000000.0,True,0.382,8.58206336291171,77.93103448275862,0.6599552337347783,0.8497974599988937,Menace,1.0,0,1,0,0,0,5,1,0,0,Other,1,0,1.0
Capone Bege,350000000.0,True,0.35,8.544068044350276,76.89655172413794,0.6214107389010064,0.8448919579663103,Menace,1.0,0,1,0,0,0,11,2,0,0,Other,1,0,1.0
Scratchmen Apoo,350000000.0,True,0.35,8.544068044350276,76.89655172413794,0.6214107389010064,0.8448919579663103,Menace,1.0,0,1,0,0,0,15,2,0,0,Other,1,0,1.0
Donquixote Doflamingo,340000000.0,True,0.34,8.531478917042255,75.86206896551724,0.6086396510181371,0.8432666001081287,Menace,1.0,0,1,0,0,0,21,2,0,0,Other,1,0,1.0
Cavendish,330000000.0,True,0.33,8.518513939877888,74.48275862068967,0.5954872808248478,0.8415927170025201,Menace,1.0,0,1,0,0,0,9,1,0,0,Other,1,0,1.0
Pekoms,330000000.0,True,0.33,8.518513939877888,74.48275862068967,0.5954872808248478,0.8415927170025201,Menace,1.0,0,1,0,0,0,6,1,0,0,Other,1,0,1.0
Vinsmoke Sanji,330000000.0,True,0.33,8.518513939877888,74.48275862068967,0.5954872808248478,0.8415927170025201,Menace,1.0,0,1,0,0,0,14,2,0,0,Other,1,0,1.0
Basil Hawkins,320000000.0,True,0.32,8.505149978319906,72.41379310344827,0.5819301594021786,0.8398673217941592,Menace,1.0,0,1,0,0,0,13,2,0,0,Other,1,0,1.0
Gecko Moria,320000000.0,True,0.32,8.505149978319906,72.41379310344827,0.5819301594021786,0.8398673217941592,Menace,1.0,0,1,0,0,0,11,2,0,0,Other,1,0,1.0
Roronoa Zoro,320000000.0,True,0.32,8.505149978319906,72.41379310344827,0.5819301594021786,0.8398673217941592,Menace,1.0,0,1,0,0,0,12,2,0,0,Other,1,0,1.0
Lindbergh,316000000.0,True,0.316,8.499687082618404,71.03448275862068,0.5763883041653678,0.8391620179045713,Menace,1.0,0,1,0,0,0,9,1,0,0,Other,1,0,1.0
Caesar Clown,300000000.0,True,0.3,8.477121254719663,69.6551724137931,0.5534963145783744,0.8362485875448491,Menace,1.0,0,1,0,0,0,12,2,0,0,Other,1,0,1.0
Charlotte Daifuku,300000000.0,True,0.3,8.477121254719663,69.6551724137931,0.5534963145783744,0.8362485875448491,Menace,1.0,0,1,0,0,0,17,2,0,0,Charlotte,10,1,1.0
Charlotte Oven,300000000.0,True,0.3,8.477121254719663,69.6551724137931,0.5534963145783744,0.8362485875448491,Menace,1.0,0,1,0,0,0,14,2,0,0,Charlotte,10,1,1.0
Bartholomew Kuma,296000000.0,True,0.296,8.471291711058939,68.27586206896552,0.5475825119305374,0.8354959464469602,Wanted,0.0,0,0,0,1,0,16,2,0,0,Other,1,0,1.0
Morley,293000000.0,True,0.293,8.46686762035411,67.58620689655173,0.5430944763573998,0.8349247606596959,Wanted,0.0,0,0,0,1,0,6,1,0,0,Other,1,0,1.0
Page One,290000000.0,True,0.29,8.462397997898956,66.89655172413794,0.5385602509276787,0.8343476963562821,Wanted,0.0,0,0,0,1,0,8,2,0,0,Other,1,0,1.0
Fisher Tiger,230000000.0,True,0.23,8.361727836017593,66.20689655172414,0.43643502388747807,0.8213503666212771,Wanted,0.0,0,0,0,1,0,12,2,0,0,Other,1,0,1.0
X Drake,222000000.0,True,0.222,8.346352974450639,65.51724137931035,0.42083793733379543,0.8193653480052223,Wanted,0.0,0,0,0,1,0,7,2,0,0,Other,1,0,1.0
Caribou,210000000.0,True,0.21,8.32221929473392,64.13793103448275,0.3963554345313267,0.8162494953321446,Wanted,0.0,0,0,0,1,0,7,1,0,0,Other,1,0,1.0
Sai,210000000.0,True,0.21,8.32221929473392,64.13793103448275,0.3963554345313267,0.8162494953321446,Wanted,0.0,0,0,0,1,0,3,1,0,0,Other,1,0,1.0
Squard,210000000.0,True,0.21,8.32221929473392,64.13793103448275,0.3963554345313267,0.8162494953321446,Wanted,0.0,0,0,0,1,0,6,1,0,0,Other,1,0,1.0
Bartolomeo,200000000.0,True,0.2,8.301029995663981,62.06896551724138,0.3748598698287455,0.813513785944986,Wanted,0.0,0,0,0,1,0,10,1,0,0,Other,1,0,1.0
Killer,200000000.0,True,0.2,8.301029995663981,62.06896551724138,0.3748598698287455,0.813513785944986,Wanted,0.0,0,0,0,1,0,6,1,0,0,Other,1,0,1.0
Usopp,200000000.0,True,0.2,8.301029995663981,62.06896551724138,0.3748598698287455,0.813513785944986,Wanted,0.0,0,0,0,1,0,5,1,0,0,Other,1,0,1.0
Bellamy,195000000.0,True,0.195,8.290034611362518,60.689655172413794,0.3637055605756772,0.8120941931614001,Wanted,0.0,0,0,0,1,0,7,1,0,0,Other,1,0,1.0
Coribou,190000000.0,True,0.19,8.278753600952829,60.0,0.35226149683522057,0.8106377237438626,Wanted,0.0,0,0,0,1,0,7,1,0,0,Other,1,0,1.0
Orlumbus,148000000.0,True,0.148,8.170261715394957,59.310344827586206,0.24220149258416646,0.7966305464053592,Wanted,0.0,0,0,0,1,0,8,1,0,0,Other,1,0,1.0
Jewelry Bonney,140000000.0,True,0.14,8.146128035678238,58.620689655172406,0.2177189897816977,0.7935146937322816,Wanted,0.0,0,0,0,1,0,14,2,0,0,Other,1,0,1.0
Nico Robin,130000000.0,True,0.13,8.113943352306837,57.931034482758626,0.1850691158260482,0.789359391561537,Wanted,0.0,0,0,0,1,0,10,2,0,0,Other,1,0,1.0
Charlotte Mont-d'Or,120000000.0,True,0.12,8.079181246047625,57.24137931034483,0.14980456545906576,0.7848713233108202,Wanted,0.0,0,0,0,1,0,19,2,0,0,Charlotte,10,1,1.0
Urouge,108000000.0,True,0.108,8.03342375548695,56.55172413793104,0.10338570583901506,0.7789636622765176,Wanted,0.0,0,0,0,1,0,6,1,0,0,Other,1,0,1.0
Bobbin,105500000.0,True,0.1055,8.023252459633712,55.86206896551724,0.09306739623374026,0.777650465957308,Wanted,0.0,0,0,0,1,0,6,1,0,0,Other,1,0,1.0
Brogy,100000000.0,True,0.1,8.0,54.82758620689655,0.06947885048237451,0.774648385903385,Wanted,0.0,0,0,0,1,0,5,1,0,0,Other,1,0,1.0
Dorry,100000000.0,True,0.1,8.0,54.82758620689655,0.06947885048237451,0.774648385903385,Wanted,0.0,0,0,0,1,0,5,1,0,0,Other,1,0,1.0
Diamante,99000000.0,True,0.099,7.99563519459755,53.103448275862064,0.06505095710879628,0.7740848543267532,Wanted,0.0,0,0,0,1,0,8,1,0,0,Other,1,0,1.0
Pica,99000000.0,True,0.099,7.99563519459755,53.103448275862064,0.06505095710879628,0.7740848543267532,Wanted,0.0,0,0,0,1,0,4,1,0,0,Other,1,0,1.0
Trebol,99000000.0,True,0.099,7.99563519459755,53.103448275862064,0.06505095710879628,0.7740848543267532,Wanted,0.0,0,0,0,1,0,6,1,0,0,Other,1,0,1.0
Vito,95000000.0,True,0.095,7.977723605288848,51.724137931034484,0.04688047748884964,0.7717723237022616,Wanted,0.0,0,0,0,1,0,4,1,0,0,Other,1,0,1.0
Franky,94000000.0,True,0.094,7.973127853599698,50.689655172413794,0.04221829977994852,0.7711789750975928,Wanted,0.0,0,0,0,1,0,6,1,0,0,Other,1,0,1.0
Rockstar,94000000.0,True,0.094,7.973127853599698,50.689655172413794,0.04221829977994852,0.7711789750975928,Wanted,0.0,0,0,0,1,0,8,1,0,0,Other,1,0,1.0
Albion,92000000.0,True,0.092,7.963787827345556,49.6551724137931,0.0327432747681694,0.7699731023872484,Wanted,0.0,0,0,0,1,0,6,1,0,0,Other,1,0,0.0
Gotti,90000000.0,True,0.09,7.954242509439325,48.96551724137931,0.023059990862323815,0.7687407248690823,Wanted,0.0,0,0,0,1,0,5,1,0,0,Other,1,0,0.0
Lip Doughty,88000000.0,True,0.088,7.944482672150168,48.275862068965516,0.01315908695590923,0.7674806511686282,Wanted,0.0,0,0,0,1,0,11,2,0,0,Other,1,0,0.0
Brook,83000000.0,True,0.083,7.919078092376074,47.58620689655172,-0.012612685223694336,0.7642007150492021,Wanted,0.0,0,0,0,1,0,5,1,0,0,Other,1,0,0.0
Crocodile,81000000.0,True,0.081,7.9084850188786495,46.89655172413793,-0.023358868757727785,0.7628330638347796,Wanted,0.0,0,0,0,1,0,9,1,0,0,Other,1,0,0.0
Chadros Higelyges,80060000.0,True,0.08006,7.903415585769086,46.206896551724135,-0.028501574377783886,0.7621785591388182,Wanted,0.0,0,0,0,1,0,17,2,0,0,Other,1,0,0.0
Boa Hancock,80000000.0,True,0.08,7.903089986991944,45.51724137931035,-0.028831879290563234,0.7621365217109572,Wanted,0.0,0,0,0,1,0,11,2,0,0,Boa,3,0,0.0
Nico Olvia,79000000.0,True,0.079,7.897627091290442,44.827586206896555,-0.03437373452737404,0.7614312178213694,Wanted,0.0,0,0,0,1,0,10,2,0,0,Other,1,0,0.0
Daz Bones,75000000.0,True,0.075,7.8750612633917,43.79310344827586,-0.057265724114367436,0.758517787461647,Wanted,0.0,0,0,0,1,0,9,2,0,0,Other,1,0,0.0
Raccoon,75000000.0,True,0.075,7.8750612633917,43.79310344827586,-0.057265724114367436,0.758517787461647,Wanted,0.0,0,0,0,1,0,7,1,0,0,Other,1,0,0.0
Gyro,73000000.0,True,0.073,7.863322860120456,42.758620689655174,-0.06917379177574648,0.7570022649371216,Wanted,0.0,0,0,0,1,0,4,1,0,0,Other,1,0,0.0
Doc Q,72000000.0,True,0.072,7.857332496431268,42.06896551724138,-0.07525073891061483,0.7562288606766544,Wanted,0.0,0,0,0,1,0,5,2,0,0,Other,1,0,0.0
Gambia,67000000.0,True,0.067,7.826074802700827,41.03448275862069,-0.10696022471372987,0.7521932403440963,Wanted,0.0,0,0,0,1,0,6,1,0,0,Other,1,0,0.0
Suleiman,67000000.0,True,0.067,7.826074802700827,41.03448275862069,-0.10696022471372987,0.7521932403440963,Wanted,0.0,0,0,0,1,0,8,1,0,0,Other,1,0,0.0
Nami,66000000.0,True,0.066,7.819543935541868,40.0,-0.11358548764083272,0.7513500527268901,Wanted,0.0,0,0,0,1,0,4,1,0,0,Other,1,0,0.0
Van Augur,64000000.0,True,0.064,7.8061799739838875,39.310344827586206,-0.12714260906350097,0.7496246575185294,Wanted,0.0,0,0,0,1,0,9,2,0,0,Other,1,0,0.0
Lao G,61000000.0,True,0.061,7.785329835010767,38.62068965517241,-0.1482941115211906,0.7469327364349646,Wanted,0.0,0,0,0,1,0,5,2,0,0,Other,1,0,0.0
Devil Dias,60000000.0,True,0.06,7.778151250383644,37.93103448275862,-0.15557645388730518,0.7460059232692192,Wanted,0.0,0,0,0,1,0,10,2,0,0,Other,1,0,0.0
Senor Pink,58000000.0,True,0.058,7.763427993562937,37.24137931034483,-0.17051251753800098,0.7441050320806523,Wanted,0.0,0,0,0,1,0,10,2,0,0,Other,1,0,0.0
Kelly Funk,57000000.0,True,0.057,7.7558748556724915,36.55172413793103,-0.17817482688083006,0.7431298610680958,Wanted,0.0,0,0,0,1,0,10,2,0,0,Other,1,0,0.0
(pirate shot by Demaro Black in chapter 598),55000000.0,True,0.055,7.740362689494244,35.86206896551724,-0.19391120261752307,0.7411271153194551,Wanted,0.0,0,0,0,1,1,44,8,0,1,Other,1,0,0.0
Peachbeard,52000000.0,True,0.052,7.7160033436347994,35.172413793103445,-0.21862263329326048,0.7379821273275082,Wanted,0.0,0,0,0,1,0,10,1,0,0,Other,1,0,0.0
(pirate defeated by Smoker in chapter 439),50000000.0,True,0.05,7.698970004336019,34.48275862068966,-0.23590216886399643,0.735782985861784,Wanted,0.0,0,0,0,1,1,42,7,0,1,Other,1,0,0.0
Laffitte,42200000.0,True,0.0422,7.625312450961673,33.793103448275865,-0.31062435288556933,0.7262732017232791,Wanted,0.0,0,0,0,1,0,8,1,0,0,Other,1,0,0.0
(criminal defeated by Mr. 3),42000000.0,True,0.042,7.623249290397901,32.758620689655174,-0.3127173339343529,0.7260068310565149,Wanted,0.0,0,0,0,1,1,28,5,0,1,Other,1,0,0.0
Roshio,42000000.0,True,0.042,7.623249290397901,32.758620689655174,-0.3127173339343529,0.7260068310565149,Wanted,0.0,0,0,0,1,0,6,1,0,0,Other,1,0,0.0
Boa Marigold,40000000.0,True,0.04,7.6020599913279625,31.379310344827587,-0.33421289863693415,0.7232711216693561,Wanted,0.0,0,0,0,1,0,12,2,0,0,Boa,3,0,0.0
Boa Sandersonia,40000000.0,True,0.04,7.6020599913279625,31.379310344827587,-0.33421289863693415,0.7232711216693561,Wanted,0.0,0,0,0,1,0,15,2,0,0,Boa,3,0,0.0
Sarquiss,38000000.0,True,0.038,7.57978359661681,30.344827586206897,-0.35681127163045906,0.7203950594682327,Wanted,0.0,0,0,0,1,0,8,1,0,0,Other,1,0,0.0
Bobby Funk,36000000.0,True,0.036,7.556302500767288,28.965517241379313,-0.38063175825698486,0.7173634606350535,Wanted,0.0,0,0,0,1,0,10,2,0,0,Other,1,0,0.0
Mikazuki,36000000.0,True,0.036,7.556302500767288,28.965517241379313,-0.38063175825698486,0.7173634606350535,Wanted,0.0,0,0,0,1,0,8,1,0,0,Other,1,0,0.0
Shoujou,36000000.0,True,0.036,7.556302500767288,28.965517241379313,-0.38063175825698486,0.7173634606350535,Wanted,0.0,0,0,0,1,0,7,1,0,0,Other,1,0,0.0
Zala,35000000.0,True,0.035,7.544068044350276,27.586206896551722,-0.3930430489110442,0.7157838936490796,Wanted,0.0,0,0,0,1,0,4,1,0,0,Other,1,0,0.0
Bentham,32000000.0,True,0.032,7.505149978319906,26.89655172413793,-0.4325236284098719,0.7107592574769284,Wanted,0.0,0,0,0,1,0,7,1,0,0,Other,1,0,0.0
Gladius,31000000.0,True,0.031,7.491361693834273,26.20689655172414,-0.44651120583375264,0.7089790787567329,Wanted,0.0,0,0,0,1,0,7,1,0,0,Other,1,0,0.0
Marianne,29000000.0,True,0.029,7.462397997898956,25.517241379310345,-0.4758935368843719,0.7052396320390513,Wanted,0.0,0,0,0,1,0,8,1,0,0,Other,1,0,0.0
Demaro Black,26000000.0,True,0.026,7.414973347970818,24.82758620689655,-0.5240036526396314,0.6991167272859071,Wanted,0.0,0,0,0,1,0,12,2,0,0,Other,1,0,0.0
Mont Blanc Cricket,25000000.0,True,0.025,7.3979400086720375,24.137931034482758,-0.5412831882103674,0.6969175858201829,Wanted,0.0,0,0,0,1,0,18,3,0,0,Other,1,0,0.0
Charlotte Lola,24000000.0,True,0.024,7.380211241711606,22.758620689655174,-0.5592682030066138,0.6946286590351904,Wanted,0.0,0,0,0,1,0,14,2,0,0,Charlotte,10,1,0.0
Foxy,24000000.0,True,0.024,7.380211241711606,22.758620689655174,-0.5592682030066138,0.6946286590351904,Wanted,0.0,0,0,0,1,0,4,1,0,0,Other,1,0,0.0
Galdino,24000000.0,True,0.024,7.380211241711606,22.758620689655174,-0.5592682030066138,0.6946286590351904,Wanted,0.0,0,0,0,1,0,7,1,0,0,Other,1,0,0.0
Masira,23000000.0,True,0.023,7.361727836017593,21.379310344827587,-0.5780187639245725,0.6922423023040463,Wanted,0.0,0,0,0,1,0,6,1,0,0,Other,1,0,0.0
Arlong,20000000.0,True,0.02,7.301029995663981,19.655172413793103,-0.6395939179833051,0.6844057216277551,Wanted,0.0,0,0,0,1,0,6,1,0,0,Other,1,0,0.0
Jesus Burgess,20000000.0,True,0.02,7.301029995663981,19.655172413793103,-0.6395939179833051,0.6844057216277551,Wanted,0.0,0,0,0,1,0,13,2,0,0,Other,1,0,0.0
Rock (Yeti),20000000.0,True,0.02,7.301029995663981,19.655172413793103,-0.6395939179833051,0.6844057216277551,Wanted,0.0,0,0,0,1,0,11,2,0,1,Other,1,0,0.0
Scotch (Yeti),20000000.0,True,0.02,7.301029995663981,19.655172413793103,-0.6395939179833051,0.6844057216277551,Wanted,0.0,0,0,0,1,0,13,2,0,1,Other,1,0,0.0
Krieg,17000000.0,True,0.017,7.230448921378274,17.586206896551722,-0.7111951561402845,0.6752931357492968,Wanted,0.0,0,0,0,1,0,5,1,0,0,Other,1,0,0.0
Lacuba,17000000.0,True,0.017,7.230448921378274,17.586206896551722,-0.7111951561402845,0.6752931357492968,Wanted,0.0,0,0,0,1,0,6,1,0,0,Other,1,0,0.0
Kuro,16000000.0,True,0.016,7.204119982655925,16.551724137931036,-0.7379046477562429,0.6718938574353274,Wanted,0.0,0,0,0,1,0,4,1,0,0,Other,1,0,0.0
Buggy,15000000.0,True,0.015,7.176091259055681,15.517241379310345,-0.766338492580047,0.6682751231860172,Wanted,0.0,0,0,0,1,0,5,1,0,0,Other,1,0,0.0
Dellinger,15000000.0,True,0.015,7.176091259055681,15.517241379310345,-0.766338492580047,0.6682751231860172,Wanted,0.0,0,0,0,1,0,9,1,0,0,Other,1,0,0.0
Bluejam,14300000.0,True,0.0143,7.155336037465061,14.482758620689657,-0.7873937057395299,0.6655954567019771,Wanted,0.0,0,0,0,1,0,7,1,0,0,Other,1,0,0.0
Drophy,14000000.0,True,0.014,7.146128035678238,13.793103448275861,-0.7967347980303529,0.6644066294150507,Wanted,0.0,0,0,0,1,0,6,1,0,0,Other,1,0,0.0
Gin,12000000.0,True,0.012,7.079181246047625,13.10344827586207,-0.8646492223529848,0.6557632589935894,Wanted,0.0,0,0,0,1,0,3,1,0,0,Other,1,0,0.0
Machvise,11000000.0,True,0.011,7.041392685158225,12.413793103448276,-0.9029839710832027,0.6508844510438252,Wanted,0.0,0,0,0,1,0,8,1,0,0,Other,1,0,0.0
Gem,10000000.0,True,0.01,7.0,11.379310344827587,-0.9449749373296761,0.6455403215861542,Wanted,0.0,0,0,0,1,0,3,1,0,0,Other,1,0,0.0
Wellington,10000000.0,True,0.01,7.0,11.379310344827587,-0.9449749373296761,0.6455403215861542,Wanted,0.0,0,0,0,1,0,10,1,0,0,Other,1,0,0.0
Jango,9000000.0,True,0.009,6.954242509439325,10.0,-0.9913937969497267,0.6396326605518515,Wanted,0.0,0,0,0,1,0,5,1,0,0,Other,1,0,0.0
Kuroobi,9000000.0,True,0.009,6.954242509439325,10.0,-0.9913937969497267,0.6396326605518515,Wanted,0.0,0,0,0,1,0,7,1,0,0,Other,1,0,0.0
Hatchan,8000000.0,True,0.008,6.903089986991944,8.620689655172415,-1.0432856671026138,0.6330284573937264,Wanted,0.0,0,0,0,1,0,7,1,0,0,Other,1,0,0.0
Higuma,8000000.0,True,0.008,6.903089986991944,8.620689655172415,-1.0432856671026138,0.6330284573937264,Wanted,0.0,0,0,0,1,0,6,1,0,0,Other,1,0,0.0
Curly Dadan,7800000.0,True,0.0078,6.892094602690481,7.586206896551724,-1.054439976355682,0.6316088646101404,Wanted,0.0,0,0,0,1,0,11,2,0,0,Other,1,0,0.0
Mikita,7500000.0,True,0.0075,6.8750612633917,6.896551724137931,-1.071719511926418,0.6294097231444162,Wanted,0.0,0,0,0,1,0,6,1,0,0,Other,1,0,0.0
Buchi,7000000.0,True,0.007,6.845098040014257,5.862068965517241,-1.1021158173767238,0.6255412293734497,Wanted,0.0,0,0,0,1,0,5,1,0,0,Other,1,0,0.0
Sham,7000000.0,True,0.007,6.845098040014257,5.862068965517241,-1.1021158173767238,0.6255412293734497,Wanted,0.0,0,0,0,1,0,4,1,0,0,Other,1,0,0.0
Chew,5500000.0,True,0.0055,6.740362689494244,4.827586206896552,-1.2083649904295737,0.6120190510022242,Wanted,0.0,0,0,0,1,0,4,1,0,0,Other,1,0,0.0
Alvida,5000000.0,True,0.005,6.698970004336019,4.137931034482759,-1.250355956676047,0.6066749215445532,Wanted,0.0,0,0,0,1,0,6,1,0,0,Other,1,0,0.0
Porchemy,3400000.0,True,0.0034,6.531478917042255,3.4482758620689653,-1.4202679246059642,0.5850504714736671,Wanted,0.0,0,0,0,1,0,8,1,0,0,Other,1,0,0.0
Babe,3200000.0,True,0.0032,6.505149978319906,2.7586206896551726,-1.4469774162219224,0.5816511931596976,Wanted,0.0,0,0,0,1,0,4,1,0,0,Other,1,0,0.0
Mikio Itoo,1000000.0,True,0.001,6.0,2.0689655172413794,-1.9594287251417266,0.5164322572689233,Wanted,0.0,0,0,0,1,0,10,2,0,0,Other,1,0,0.0
Bepo,500.0,True,5e-07,2.6989700043360187,1.3793103448275863,-5.308171107924249,0.09024266427562982,Wanted,0.0,0,0,0,1,0,4,1,0,0,Other,1,0,0.0
Tony Tony Chopper,100.0,True,1e-07,2.0,0.6896551724137931,-6.017243876389929,0.0,Wanted,0.0,0,0,0,1,0,17,3,0,0,Other,1,0,0.0
Aladdin,,False,,,,,,Unknown,,0,0,1,0,0,7,1,0,0,Other,1,0,
Avalo Pizarro,,False,,,,,,Unknown,,0,0,1,0,0,13,2,0,0,Other,1,0,
Benn Beckman,,False,,,,,,Unknown,,0,0,1,0,0,12,2,0,0,Other,1,0,
Catarina Devon,,False,,,,,,Unknown,,0,0,1,0,0,14,2,0,0,Other,1,0,
Crocus,,False,,,,,,Unknown,,0,0,1,0,0,6,1,0,0,Other,1,0,
Dracule Mihawk,,False,,,,,,Unknown,,0,0,1,0,0,14,2,0,0,Other,1,0,
Inazuma,,False,,,,,,Unknown,,0,0,1,0,0,7,1,0,0,Other,1,0,
Jozu,,False,,,,,,Unknown,,0,0,1,0,0,4,1,0,0,Other,1,0,
Koala,,False,,,,,,Unknown,,0,0,1,0,0,5,1,0,0,Other,1,0,
Kozuki Oden,,False,,,,,,Unknown,,0,0,1,0,0,11,2,0,0,Other,1,0,
Lucky Roux,,False,,,,,,Unknown,,0,0,1,0,0,10,2,0,0,Other,1,0,
Monkey D. Dragon,,False,,,,,,Unknown,,0,0,1,0,0,16,3,1,0,Other,1,0,
Sanjuan Wolf,,False,,,,,,Unknown,,0,0,1,0,0,12,2,0,0,Other,1,0,
Shiryu,,False,,,,,,Unknown,,0,0,1,0,0,6,1,0,0,Other,1,0,
Silvers Rayleigh,,False,,,,,,Unknown,,0,0,1,0,0,16,2,0,0,Other,1,0,
Vasco Shot,,False,,,,,,Unknown,,0,0,1,0,0,10,2,0,0,Other,1,0,
Vista,,False,,,,,,Unknown,,0,0,1,0,0,5,1,0,0,Other,1,0,
Yasopp,,False,,,,,,Unknown,,0,0,1,0,0,6,1,0,0,Other,1,0,
Yorki,,False,,,,,,Unknown,,0,0,1,0,0,5,1,0,0,Other,1,0,
Zeff,,False,,,,,,Unknown,,0,0,1,0,0,4,1,0,0,Other,1,0,
