S.no,Name,Bounty,bounty,class_name,high_bounty,name_length,probability_high_bounty,predicted_class,decision_threshold,prediction_status,correct
1,Gol D. Roger,"฿5,564,800,000",5564800000.0,HIGH BOUNTY,1,12,,,0.5,Training,
2,Edward Newgate,"฿5,046,000,000",5046000000.0,HIGH BOUNTY,1,14,,,0.5,Training,
3,Kaidou,"฿4,611,100,000",4611100000.0,HIGH BOUNTY,1,6,,,0.5,Training,
4,Charlotte Linlin,"฿4,388,000,000",4388000000.0,HIGH BOUNTY,1,16,,,0.5,Training,
5,Shanks,"฿4,048,900,000",4048900000.0,HIGH BOUNTY,1,6,0.0901958107419354,Standard Bounty,0.5,Test,False
6,Marshall D. Teach,"฿2,247,600,000",2247600000.0,HIGH BOUNTY,1,17,,,0.5,Training,
7,Monkey D. Luffy,"฿1,500,000,000",1500000000.0,HIGH BOUNTY,1,15,0.9886895966098561,High Bounty,0.5,Test,True
8,King,"฿1,390,000,000",1390000000.0,HIGH BOUNTY,1,4,0.8670669441579905,High Bounty,0.5,Test,True
9,Marco,"฿1,374,000,000",1374000000.0,HIGH BOUNTY,1,5,0.24927867474912924,Standard Bounty,0.5,Test,False
10,Queen,"฿1,320,000,000",1320000000.0,HIGH BOUNTY,1,5,,,0.5,Training,
11,Charlotte Katakuri,"฿1,057,000,000",1057000000.0,HIGH BOUNTY,1,18,,,0.5,Training,
12,Jack,"฿1,000,000,000",1000000000.0,HIGH BOUNTY,1,4,0.8670669441579905,High Bounty,0.5,Test,True
13,Charlotte Smoothie,"฿932,000,000",932000000.0,HIGH BOUNTY,1,18,,,0.5,Training,
14,Charlotte Cracker,"฿860,000,000",860000000.0,HIGH BOUNTY,1,17,,,0.5,Training,
15,Charlotte Perospero,"฿700,000,000",700000000.0,HIGH BOUNTY,1,19,,,0.5,Training,
16,Sabo,"฿602,000,000",602000000.0,HIGH BOUNTY,1,4,,,0.5,Training,
17,Charlotte Snack,"฿600,000,000",600000000.0,HIGH BOUNTY,1,15,,,0.5,Training,
18,Little Oars Jr.,"฿550,000,000",550000000.0,HIGH BOUNTY,1,15,,,0.5,Training,
18,Portgas D. Ace,"฿550,000,000",550000000.0,HIGH BOUNTY,1,14,,,0.5,Training,
20,Who's-Who,"฿546,000,000",546000000.0,HIGH BOUNTY,1,9,,,0.5,Training,
21,Chinjao,"฿542,000,000",542000000.0,HIGH BOUNTY,1,7,,,0.5,Training,
22,Izou,"฿510,000,000",510000000.0,HIGH BOUNTY,1,4,,,0.5,Training,
23,Trafalgar D. Water Law,"฿500,000,000",500000000.0,HIGH BOUNTY,1,22,,,0.5,Training,
24,Black Maria,"฿480,000,000",480000000.0,HIGH BOUNTY,1,11,,,0.5,Training,
24,Edward Weevil,"฿480,000,000",480000000.0,HIGH BOUNTY,1,13,,,0.5,Training,
26,Sasaki,"฿472,000,000",472000000.0,HIGH BOUNTY,1,6,,,0.5,Training,
27,Eustass Kid,"฿470,000,000",470000000.0,HIGH BOUNTY,1,11,,,0.5,Training,
28,Belo Betty,"฿457,000,000",457000000.0,HIGH BOUNTY,1,10,0.4041070981092184,Standard Bounty,0.5,Test,False
29,Jinbe,"฿438,000,000",438000000.0,HIGH BOUNTY,1,5,,,0.5,Training,
30,Tamago,"฿429,000,000",429000000.0,HIGH BOUNTY,1,6,,,0.5,Training,
31,Karasu,"฿400,000,000",400000000.0,HIGH BOUNTY,1,6,,,0.5,Training,
31,Ulti,"฿400,000,000",400000000.0,HIGH BOUNTY,1,4,,,0.5,Training,
33,Pedro,"฿382,000,000",382000000.0,HIGH BOUNTY,1,5,0.24927867474912924,Standard Bounty,0.5,Test,False
34,Capone Bege,"฿350,000,000",350000000.0,HIGH BOUNTY,1,11,,,0.5,Training,
34,Scratchmen Apoo,"฿350,000,000",350000000.0,HIGH BOUNTY,1,15,,,0.5,Training,
36,Donquixote Doflamingo,"฿340,000,000",340000000.0,HIGH BOUNTY,1,21,,,0.5,Training,
37,Cavendish,"฿330,000,000",330000000.0,STANDARD BOUNTY,0,9,,,0.5,Training,
37,Pekoms,"฿330,000,000",330000000.0,STANDARD BOUNTY,0,6,0.20148236292255417,Standard Bounty,0.5,Test,True
37,Vinsmoke Sanji,"฿330,000,000",330000000.0,STANDARD BOUNTY,0,14,0.5977286376075295,High Bounty,0.5,Test,False
40,Basil Hawkins,"฿320,000,000",320000000.0,STANDARD BOUNTY,0,13,,,0.5,Training,
40,Gecko Moria,"฿320,000,000",320000000.0,STANDARD BOUNTY,0,11,,,0.5,Training,
40,Roronoa Zoro,"฿320,000,000",320000000.0,STANDARD BOUNTY,0,12,,,0.5,Training,
43,Lindbergh,"฿316,000,000",316000000.0,STANDARD BOUNTY,0,9,,,0.5,Training,
44,Caesar Clown,"฿300,000,000",300000000.0,STANDARD BOUNTY,0,12,,,0.5,Training,
44,Charlotte Daifuku,"฿300,000,000",300000000.0,STANDARD BOUNTY,0,17,,,0.5,Training,
44,Charlotte Oven,"฿300,000,000",300000000.0,STANDARD BOUNTY,0,14,,,0.5,Training,
47,Bartholomew Kuma,"฿296,000,000",296000000.0,STANDARD BOUNTY,0,16,,,0.5,Training,
48,Morley,"฿293,000,000",293000000.0,STANDARD BOUNTY,0,6,,,0.5,Training,
49,Page One,"฿290,000,000",290000000.0,STANDARD BOUNTY,0,8,,,0.5,Training,
50,Fisher Tiger,"฿230,000,000",230000000.0,STANDARD BOUNTY,0,12,,,0.5,Training,
51,X Drake,"฿222,000,000",222000000.0,STANDARD BOUNTY,0,7,0.25761518534553646,Standard Bounty,0.5,Test,True
52,Caribou,"฿210,000,000",210000000.0,STANDARD BOUNTY,0,7,,,0.5,Training,
52,Sai,"฿210,000,000",210000000.0,STANDARD BOUNTY,0,3,,,0.5,Training,
52,Squard,"฿210,000,000",210000000.0,STANDARD BOUNTY,0,6,,,0.5,Training,
55,Bartolomeo,"฿200,000,000",200000000.0,STANDARD BOUNTY,0,10,,,0.5,Training,
55,Killer,"฿200,000,000",200000000.0,STANDARD BOUNTY,0,6,,,0.5,Training,
55,Usopp,"฿200,000,000",200000000.0,STANDARD BOUNTY,0,5,0.24927867474912924,Standard Bounty,0.5,Test,True
58,Bellamy,"฿195,000,000",195000000.0,STANDARD BOUNTY,0,7,0.17908941944519724,Standard Bounty,0.5,Test,True
59,Coribou,"฿190,000,000",190000000.0,STANDARD BOUNTY,0,7,,,0.5,Training,
60,Orlumbus,"฿148,000,000",148000000.0,STANDARD BOUNTY,0,8,0.28179827969821947,Standard Bounty,0.5,Test,True
61,Jewelry Bonney,"฿140,000,000",140000000.0,STANDARD BOUNTY,0,14,,,0.5,Training,
62,Nico Robin,"฿130,000,000",130000000.0,STANDARD BOUNTY,0,10,,,0.5,Training,
63,Charlotte Mont-d'Or,"฿120,000,000",120000000.0,STANDARD BOUNTY,0,19,,,0.5,Training,
64,Urouge,"฿108,000,000",108000000.0,STANDARD BOUNTY,0,6,,,0.5,Training,
65,Bobbin,"฿105,500,000",105500000.0,STANDARD BOUNTY,0,6,,,0.5,Training,
66,Brogy,"฿100,000,000",100000000.0,STANDARD BOUNTY,0,5,0.09426716382837817,Standard Bounty,0.5,Test,True
66,Dorry,"฿100,000,000",100000000.0,STANDARD BOUNTY,0,5,,,0.5,Training,
68,Diamante,"฿99,000,000",99000000.0,STANDARD BOUNTY,0,8,,,0.5,Training,
68,Pica,"฿99,000,000",99000000.0,STANDARD BOUNTY,0,4,,,0.5,Training,
68,Trebol,"฿99,000,000",99000000.0,STANDARD BOUNTY,0,6,,,0.5,Training,
71,Vito,"฿95,000,000",95000000.0,STANDARD BOUNTY,0,4,,,0.5,Training,
72,Franky,"฿94,000,000",94000000.0,STANDARD BOUNTY,0,6,,,0.5,Training,
72,Rockstar,"฿94,000,000",94000000.0,STANDARD BOUNTY,0,8,,,0.5,Training,
74,Albion,"฿92,000,000",92000000.0,STANDARD BOUNTY,0,6,0.39105874850878386,Standard Bounty,0.5,Test,True
75,Gotti,"฿90,000,000",90000000.0,STANDARD BOUNTY,0,5,,,0.5,Training,
76,Lip Doughty,"฿88,000,000",88000000.0,STANDARD BOUNTY,0,11,,,0.5,Training,
77,Brook,"฿83,000,000",83000000.0,STANDARD BOUNTY,0,5,,,0.5,Training,
78,Crocodile,"฿81,000,000",81000000.0,STANDARD BOUNTY,0,9,,,0.5,Training,
79,Chadros Higelyges,"฿80,060,000",80060000.0,STANDARD BOUNTY,0,17,,,0.5,Training,
80,Boa Hancock,"฿80,000,000",80000000.0,STANDARD BOUNTY,0,11,,,0.5,Training,
81,Nico Olvia,"฿79,000,000",79000000.0,STANDARD BOUNTY,0,10,,,0.5,Training,
82,Daz Bones,"฿75,000,000",75000000.0,STANDARD BOUNTY,0,9,,,0.5,Training,
82,Raccoon,"฿75,000,000",75000000.0,STANDARD BOUNTY,0,7,,,0.5,Training,
84,Gyro,"฿73,000,000",73000000.0,STANDARD BOUNTY,0,4,,,0.5,Training,
85,Doc Q,"฿72,000,000",72000000.0,STANDARD BOUNTY,0,5,,,0.5,Training,
86,Gambia,"฿67,000,000",67000000.0,STANDARD BOUNTY,0,6,,,0.5,Training,
86,Suleiman,"฿67,000,000",67000000.0,STANDARD BOUNTY,0,8,,,0.5,Training,
88,Nami,"฿66,000,000",66000000.0,STANDARD BOUNTY,0,4,0.35390598253271244,Standard Bounty,0.5,Test,True
89,Van Augur,"฿64,000,000",64000000.0,STANDARD BOUNTY,0,9,0.5346726387427823,High Bounty,0.5,Test,False
90,Lao G,"฿61,000,000",61000000.0,STANDARD BOUNTY,0,5,,,0.5,Training,
91,Devil Dias,"฿60,000,000",60000000.0,STANDARD BOUNTY,0,10,,,0.5,Training,
92,Senor Pink,"฿58,000,000",58000000.0,STANDARD BOUNTY,0,10,,,0.5,Training,
93,Kelly Funk,"฿57,000,000",57000000.0,STANDARD BOUNTY,0,10,,,0.5,Training,
94,(pirate shot by Demaro Black in chapter 598),"฿55,000,000",55000000.0,STANDARD BOUNTY,0,44,,,0.5,Training,
95,Peachbeard,"฿52,000,000",52000000.0,STANDARD BOUNTY,0,10,,,0.5,Training,
96,(pirate defeated by Smoker in chapter 439),"฿50,000,000",50000000.0,STANDARD BOUNTY,0,42,,,0.5,Training,
97,Laffitte,"฿42,200,000",42200000.0,STANDARD BOUNTY,0,8,0.28179827969821947,Standard Bounty,0.5,Test,True
98,(criminal defeated by Mr. 3),"฿42,000,000",42000000.0,STANDARD BOUNTY,0,28,,,0.5,Training,
98,Roshio,"฿42,000,000",42000000.0,STANDARD BOUNTY,0,6,,,0.5,Training,
100,Boa Marigold,"฿40,000,000",40000000.0,STANDARD BOUNTY,0,12,0.5712585434936065,High Bounty,0.5,Test,False
100,Boa Sandersonia,"฿40,000,000",40000000.0,STANDARD BOUNTY,0,15,,,0.5,Training,
102,Sarquiss,"฿38,000,000",38000000.0,STANDARD BOUNTY,0,8,,,0.5,Training,
103,Bobby Funk,"฿36,000,000",36000000.0,STANDARD BOUNTY,0,10,,,0.5,Training,
103,Mikazuki,"฿36,000,000",36000000.0,STANDARD BOUNTY,0,8,,,0.5,Training,
103,Shoujou,"฿36,000,000",36000000.0,STANDARD BOUNTY,0,7,,,0.5,Training,
106,Zala,"฿35,000,000",35000000.0,STANDARD BOUNTY,0,4,,,0.5,Training,
107,Bentham,"฿32,000,000",32000000.0,STANDARD BOUNTY,0,7,,,0.5,Training,
108,Gladius,"฿31,000,000",31000000.0,STANDARD BOUNTY,0,7,0.32087888567196166,Standard Bounty,0.5,Test,True
109,Marianne,"฿29,000,000",29000000.0,STANDARD BOUNTY,0,8,,,0.5,Training,
110,Demaro Black,"฿26,000,000",26000000.0,STANDARD BOUNTY,0,12,,,0.5,Training,
111,Mont Blanc Cricket,"฿25,000,000",25000000.0,STANDARD BOUNTY,0,18,0.7478620474724123,High Bounty,0.5,Test,False
112,Charlotte Lola,"฿24,000,000",24000000.0,STANDARD BOUNTY,0,14,,,0.5,Training,
112,Foxy,"฿24,000,000",24000000.0,STANDARD BOUNTY,0,4,,,0.5,Training,
112,Galdino,"฿24,000,000",24000000.0,STANDARD BOUNTY,0,7,,,0.5,Training,
115,Masira,"฿23,000,000",23000000.0,STANDARD BOUNTY,0,6,,,0.5,Training,
116,Arlong,"฿20,000,000",20000000.0,STANDARD BOUNTY,0,6,,,0.5,Training,
116,Jesus Burgess,"฿20,000,000",20000000.0,STANDARD BOUNTY,0,13,,,0.5,Training,
116,Rock (Yeti),"฿20,000,000",20000000.0,STANDARD BOUNTY,0,11,,,0.5,Training,
116,Scotch (Yeti),"฿20,000,000",20000000.0,STANDARD BOUNTY,0,13,0.35956076150581395,Standard Bounty,0.5,Test,True
120,Krieg,"฿17,000,000",17000000.0,STANDARD BOUNTY,0,5,,,0.5,Training,
120,Lacuba,"฿17,000,000",17000000.0,STANDARD BOUNTY,0,6,,,0.5,Training,
122,Kuro,"฿16,000,000",16000000.0,STANDARD BOUNTY,0,4,,,0.5,Training,
123,Buggy,"฿15,000,000",15000000.0,STANDARD BOUNTY,0,5,0.09426716382837817,Standard Bounty,0.5,Test,True
123,Dellinger,"฿15,000,000",15000000.0,STANDARD BOUNTY,0,9,0.2610181846253533,Standard Bounty,0.5,Test,True
125,Bluejam,"฿14,300,000",14300000.0,STANDARD BOUNTY,0,7,,,0.5,Training,
126,Drophy,"฿14,000,000",14000000.0,STANDARD BOUNTY,0,6,,,0.5,Training,
127,Gin,"฿12,000,000",12000000.0,STANDARD BOUNTY,0,3,,,0.5,Training,
128,Machvise,"฿11,000,000",11000000.0,STANDARD BOUNTY,0,8,0.28179827969821947,Standard Bounty,0.5,Test,True
129,Gem,"฿10,000,000",10000000.0,STANDARD BOUNTY,0,3,0.15271972332812742,Standard Bounty,0.5,Test,True
129,Wellington,"฿10,000,000",10000000.0,STANDARD BOUNTY,0,10,,,0.5,Training,
131,Jango,"฿9,000,000",9000000.0,STANDARD BOUNTY,0,5,,,0.5,Training,
131,Kuroobi,"฿9,000,000",9000000.0,STANDARD BOUNTY,0,7,,,0.5,Training,
133,Hatchan,"฿8,000,000",8000000.0,STANDARD BOUNTY,0,7,0.17908941944519724,Standard Bounty,0.5,Test,True
133,Higuma,"฿8,000,000",8000000.0,STANDARD BOUNTY,0,6,,,0.5,Training,
135,Curly Dadan,"฿7,800,000",7800000.0,STANDARD BOUNTY,0,11,0.42140789333110235,Standard Bounty,0.5,Test,True
136,Mikita,"฿7,500,000",7500000.0,STANDARD BOUNTY,0,6,,,0.5,Training,
137,Buchi,"฿7,000,000",7000000.0,STANDARD BOUNTY,0,5,,,0.5,Training,
137,Sham,"฿7,000,000",7000000.0,STANDARD BOUNTY,0,4,,,0.5,Training,
139,Chew,"฿5,500,000",5500000.0,STANDARD BOUNTY,0,4,0.10899986736671856,Standard Bounty,0.5,Test,True
140,Alvida,"฿5,000,000",5000000.0,STANDARD BOUNTY,0,6,,,0.5,Training,
141,Porchemy,"฿3,400,000",3400000.0,STANDARD BOUNTY,0,8,,,0.5,Training,
142,Babe,"฿3,200,000",3200000.0,STANDARD BOUNTY,0,4,,,0.5,Training,
144,Bepo,฿500,500.0,STANDARD BOUNTY,0,4,,,0.5,Training,
145,Tony Tony Chopper,฿100,100.0,STANDARD BOUNTY,0,17,,,0.5,Training,
