Feature,Coefficient,Odds_Ratio,Absolute_Impact
word_count,-1.00870187654607,0.36469208778126605,1.00870187654607
uppercase_count,0.9373721678030068,2.553263047975588,0.9373721678030068
vowel_ratio,0.8030801530859979,2.2324065033341416,0.8030801530859979
consonant_count,0.6916642604025004,1.9970363576507002,0.6916642604025004
has_d,0.38780503967254537,1.4737424349704875,0.38780503967254537
has_initial,0.38780503967254537,1.4737424349704875,0.38780503967254537
has_title,0.3691732977876706,1.4465382638355904,0.3691732977876706
name_length,0.3339291879750683,1.3964442550278948,0.3339291879750683
name_word_max,-0.14913435963786822,0.8614533625610773,0.14913435963786822
vowel_count,0.017184739765023504,1.0173332468711156,0.017184739765023504
