threshold,accuracy,precision,recall,f1
0.1,0.27586206896551724,0.23076923076923078,0.8571428571428571,0.36363636363636365
0.12000000000000001,0.3103448275862069,0.24,0.8571428571428571,0.375
0.14,0.3103448275862069,0.24,0.8571428571428571,0.375
0.16000000000000003,0.3448275862068966,0.25,0.8571428571428571,0.3870967741935484
0.18000000000000002,0.41379310344827586,0.2727272727272727,0.8571428571428571,0.41379310344827586
0.2,0.41379310344827586,0.2727272727272727,0.8571428571428571,0.41379310344827586
0.22000000000000003,0.4482758620689655,0.2857142857142857,0.8571428571428571,0.42857142857142855
0.24000000000000002,0.4482758620689655,0.2857142857142857,0.8571428571428571,0.42857142857142855
0.26,0.4482758620689655,0.23529411764705882,0.5714285714285714,0.3333333333333333
0.28,0.4827586206896552,0.25,0.5714285714285714,0.34782608695652173
0.30000000000000004,0.5862068965517241,0.3076923076923077,0.5714285714285714,0.4
0.32000000000000006,0.5862068965517241,0.3076923076923077,0.5714285714285714,0.4
0.3400000000000001,0.6206896551724138,0.3333333333333333,0.5714285714285714,0.42105263157894735
0.3600000000000001,0.6896551724137931,0.4,0.5714285714285714,0.47058823529411764
0.38,0.6896551724137931,0.4,0.5714285714285714,0.47058823529411764
0.4,0.7241379310344828,0.4444444444444444,0.5714285714285714,0.5
0.42000000000000004,0.6896551724137931,0.375,0.42857142857142855,0.4
0.44000000000000006,0.7241379310344828,0.42857142857142855,0.42857142857142855,0.42857142857142855
0.4600000000000001,0.7241379310344828,0.42857142857142855,0.42857142857142855,0.42857142857142855
0.4800000000000001,0.7241379310344828,0.42857142857142855,0.42857142857142855,0.42857142857142855
0.5000000000000001,0.7241379310344828,0.42857142857142855,0.42857142857142855,0.42857142857142855
0.5200000000000001,0.7241379310344828,0.42857142857142855,0.42857142857142855,0.42857142857142855
0.54,0.7586206896551724,0.5,0.42857142857142855,0.46153846153846156
0.56,0.7586206896551724,0.5,0.42857142857142855,0.46153846153846156
0.5800000000000001,0.7931034482758621,0.6,0.42857142857142855,0.5
0.6000000000000001,0.8275862068965517,0.75,0.42857142857142855,0.5454545454545454
0.6200000000000001,0.8275862068965517,0.75,0.42857142857142855,0.5454545454545454
0.6400000000000001,0.8275862068965517,0.75,0.42857142857142855,0.5454545454545454
0.66,0.8275862068965517,0.75,0.42857142857142855,0.5454545454545454
0.68,0.8275862068965517,0.75,0.42857142857142855,0.5454545454545454
0.7000000000000001,0.8275862068965517,0.75,0.42857142857142855,0.5454545454545454
0.7200000000000001,0.8275862068965517,0.75,0.42857142857142855,0.5454545454545454
0.7400000000000001,0.8275862068965517,0.75,0.42857142857142855,0.5454545454545454
0.7600000000000001,0.8620689655172413,1.0,0.42857142857142855,0.6
0.7800000000000001,0.8620689655172413,1.0,0.42857142857142855,0.6
0.8000000000000002,0.8620689655172413,1.0,0.42857142857142855,0.6
0.8200000000000002,0.8620689655172413,1.0,0.42857142857142855,0.6
0.8400000000000001,0.8620689655172413,1.0,0.42857142857142855,0.6
0.8600000000000001,0.8620689655172413,1.0,0.42857142857142855,0.6
0.8800000000000001,0.7931034482758621,1.0,0.14285714285714285,0.25
0.9000000000000001,0.7931034482758621,1.0,0.14285714285714285,0.25
