S.no,Name,Bounty,bounty,high_bounty,class_name,name_length,word_count,uppercase_count,vowel_count,consonant_count,vowel_ratio,has_initial,has_d,has_title,name_word_max
1,Gol D. Roger,"฿5,564,800,000",5564800000.0,1,HIGH BOUNTY,12,3,3,3,6,0.25,1,1,0,5
2,Edward Newgate,"฿5,046,000,000",5046000000.0,1,HIGH BOUNTY,14,2,2,5,8,0.35714285714285715,0,0,0,7
3,Kaidou,"฿4,611,100,000",4611100000.0,1,HIGH BOUNTY,6,1,1,4,2,0.6666666666666666,0,0,0,6
4,Charlotte Linlin,"฿4,388,000,000",4388000000.0,1,HIGH BOUNTY,16,2,2,5,10,0.3125,0,0,0,9
5,Shanks,"฿4,048,900,000",4048900000.0,1,HIGH BOUNTY,6,1,1,1,5,0.16666666666666666,0,0,0,6
6,Marshall D. Teach,"฿2,247,600,000",2247600000.0,1,HIGH BOUNTY,17,3,3,4,10,0.23529411764705882,1,1,0,8
7,Monkey D. Luffy,"฿1,500,000,000",1500000000.0,1,HIGH BOUNTY,15,3,3,3,9,0.2,1,1,0,6
8,King,"฿1,390,000,000",1390000000.0,1,HIGH BOUNTY,4,1,1,1,3,0.25,0,0,1,4
9,Marco,"฿1,374,000,000",1374000000.0,1,HIGH BOUNTY,5,1,1,2,3,0.4,0,0,0,5
10,Queen,"฿1,320,000,000",1320000000.0,1,HIGH BOUNTY,5,1,1,3,2,0.6,0,0,1,5
11,Charlotte Katakuri,"฿1,057,000,000",1057000000.0,1,HIGH BOUNTY,18,2,2,7,10,0.3888888888888889,0,0,0,9
12,Jack,"฿1,000,000,000",1000000000.0,1,HIGH BOUNTY,4,1,1,1,3,0.25,0,0,1,4
13,Charlotte Smoothie,"฿932,000,000",932000000.0,1,HIGH BOUNTY,18,2,2,7,10,0.3888888888888889,0,0,0,9
14,Charlotte Cracker,"฿860,000,000",860000000.0,1,HIGH BOUNTY,17,2,2,5,11,0.29411764705882354,0,0,0,9
15,Charlotte Perospero,"฿700,000,000",700000000.0,1,HIGH BOUNTY,19,2,2,7,11,0.3684210526315789,0,0,0,9
16,Sabo,"฿602,000,000",602000000.0,1,HIGH BOUNTY,4,1,1,2,2,0.5,0,0,0,4
17,Charlotte Snack,"฿600,000,000",600000000.0,1,HIGH BOUNTY,15,2,2,4,10,0.26666666666666666,0,0,0,9
18,Little Oars Jr.,"฿550,000,000",550000000.0,1,HIGH BOUNTY,15,3,3,4,8,0.26666666666666666,0,0,0,6
18,Portgas D. Ace,"฿550,000,000",550000000.0,1,HIGH BOUNTY,14,3,3,4,7,0.2857142857142857,1,1,0,7
20,Who's-Who,"฿546,000,000",546000000.0,1,HIGH BOUNTY,9,1,2,2,5,0.2222222222222222,0,0,0,9
21,Chinjao,"฿542,000,000",542000000.0,1,HIGH BOUNTY,7,1,1,3,4,0.42857142857142855,0,0,0,7
22,Izou,"฿510,000,000",510000000.0,1,HIGH BOUNTY,4,1,1,3,1,0.75,0,0,0,4
23,Trafalgar D. Water Law,"฿500,000,000",500000000.0,1,HIGH BOUNTY,22,4,4,6,12,0.2727272727272727,1,1,0,9
24,Black Maria,"฿480,000,000",480000000.0,1,HIGH BOUNTY,11,2,2,4,6,0.36363636363636365,0,0,0,5
24,Edward Weevil,"฿480,000,000",480000000.0,1,HIGH BOUNTY,13,2,2,5,7,0.38461538461538464,0,0,0,6
26,Sasaki,"฿472,000,000",472000000.0,1,HIGH BOUNTY,6,1,1,3,3,0.5,0,0,0,6
27,Eustass Kid,"฿470,000,000",470000000.0,1,HIGH BOUNTY,11,2,2,4,6,0.36363636363636365,0,0,0,7
28,Belo Betty,"฿457,000,000",457000000.0,1,HIGH BOUNTY,10,2,2,3,6,0.3,0,0,0,5
29,Jinbe,"฿438,000,000",438000000.0,1,HIGH BOUNTY,5,1,1,2,3,0.4,0,0,0,5
30,Tamago,"฿429,000,000",429000000.0,1,HIGH BOUNTY,6,1,1,3,3,0.5,0,0,0,6
31,Karasu,"฿400,000,000",400000000.0,1,HIGH BOUNTY,6,1,1,3,3,0.5,0,0,0,6
31,Ulti,"฿400,000,000",400000000.0,1,HIGH BOUNTY,4,1,1,2,2,0.5,0,0,0,4
33,Pedro,"฿382,000,000",382000000.0,1,HIGH BOUNTY,5,1,1,2,3,0.4,0,0,0,5
34,Capone Bege,"฿350,000,000",350000000.0,1,HIGH BOUNTY,11,2,2,5,5,0.45454545454545453,0,0,0,6
34,Scratchmen Apoo,"฿350,000,000",350000000.0,1,HIGH BOUNTY,15,2,2,5,9,0.3333333333333333,0,0,0,10
36,Donquixote Doflamingo,"฿340,000,000",340000000.0,1,HIGH BOUNTY,21,2,2,9,11,0.42857142857142855,0,0,0,10
37,Cavendish,"฿330,000,000",330000000.0,0,STANDARD BOUNTY,9,1,1,3,6,0.3333333333333333,0,0,0,9
37,Pekoms,"฿330,000,000",330000000.0,0,STANDARD BOUNTY,6,1,1,2,4,0.3333333333333333,0,0,0,6
37,Vinsmoke Sanji,"฿330,000,000",330000000.0,0,STANDARD BOUNTY,14,2,2,5,8,0.35714285714285715,0,0,0,8
40,Basil Hawkins,"฿320,000,000",320000000.0,0,STANDARD BOUNTY,13,2,2,4,8,0.3076923076923077,0,0,0,7
40,Gecko Moria,"฿320,000,000",320000000.0,0,STANDARD BOUNTY,11,2,2,5,5,0.45454545454545453,0,0,0,5
40,Roronoa Zoro,"฿320,000,000",320000000.0,0,STANDARD BOUNTY,12,2,2,6,5,0.5,0,0,0,7
43,Lindbergh,"฿316,000,000",316000000.0,0,STANDARD BOUNTY,9,1,1,2,7,0.2222222222222222,0,0,0,9
44,Caesar Clown,"฿300,000,000",300000000.0,0,STANDARD BOUNTY,12,2,2,4,7,0.3333333333333333,0,0,0,6
44,Charlotte Daifuku,"฿300,000,000",300000000.0,0,STANDARD BOUNTY,17,2,2,7,9,0.4117647058823529,0,0,0,9
44,Charlotte Oven,"฿300,000,000",300000000.0,0,STANDARD BOUNTY,14,2,2,5,8,0.35714285714285715,0,0,0,9
47,Bartholomew Kuma,"฿296,000,000",296000000.0,0,STANDARD BOUNTY,16,2,2,6,9,0.375,0,0,0,11
48,Morley,"฿293,000,000",293000000.0,0,STANDARD BOUNTY,6,1,1,2,4,0.3333333333333333,0,0,0,6
49,Page One,"฿290,000,000",290000000.0,0,STANDARD BOUNTY,8,2,2,4,3,0.5,0,0,0,4
50,Fisher Tiger,"฿230,000,000",230000000.0,0,STANDARD BOUNTY,12,2,2,4,7,0.3333333333333333,0,0,0,6
51,X Drake,"฿222,000,000",222000000.0,0,STANDARD BOUNTY,7,2,2,2,4,0.2857142857142857,0,0,0,5
52,Caribou,"฿210,000,000",210000000.0,0,STANDARD BOUNTY,7,1,1,4,3,0.5714285714285714,0,0,0,7
52,Sai,"฿210,000,000",210000000.0,0,STANDARD BOUNTY,3,1,1,2,1,0.6666666666666666,0,0,0,3
52,Squard,"฿210,000,000",210000000.0,0,STANDARD BOUNTY,6,1,1,2,4,0.3333333333333333,0,0,0,6
55,Bartolomeo,"฿200,000,000",200000000.0,0,STANDARD BOUNTY,10,1,1,5,5,0.5,0,0,0,10
55,Killer,"฿200,000,000",200000000.0,0,STANDARD BOUNTY,6,1,1,2,4,0.3333333333333333,0,0,0,6
55,Usopp,"฿200,000,000",200000000.0,0,STANDARD BOUNTY,5,1,1,2,3,0.4,0,0,0,5
58,Bellamy,"฿195,000,000",195000000.0,0,STANDARD BOUNTY,7,1,1,2,5,0.2857142857142857,0,0,0,7
59,Coribou,"฿190,000,000",190000000.0,0,STANDARD BOUNTY,7,1,1,4,3,0.5714285714285714,0,0,0,7
60,Orlumbus,"฿148,000,000",148000000.0,0,STANDARD BOUNTY,8,1,1,3,5,0.375,0,0,0,8
61,Jewelry Bonney,"฿140,000,000",140000000.0,0,STANDARD BOUNTY,14,2,2,4,9,0.2857142857142857,0,0,0,7
62,Nico Robin,"฿130,000,000",130000000.0,0,STANDARD BOUNTY,10,2,2,4,5,0.4,0,0,0,5
63,Charlotte Mont-d'Or,"฿120,000,000",120000000.0,0,STANDARD BOUNTY,19,2,3,5,11,0.2631578947368421,0,0,0,9
64,Urouge,"฿108,000,000",108000000.0,0,STANDARD BOUNTY,6,1,1,4,2,0.6666666666666666,0,0,0,6
65,Bobbin,"฿105,500,000",105500000.0,0,STANDARD BOUNTY,6,1,1,2,4,0.3333333333333333,0,0,0,6
66,Brogy,"฿100,000,000",100000000.0,0,STANDARD BOUNTY,5,1,1,1,4,0.2,0,0,0,5
66,Dorry,"฿100,000,000",100000000.0,0,STANDARD BOUNTY,5,1,1,1,4,0.2,0,0,0,5
68,Diamante,"฿99,000,000",99000000.0,0,STANDARD BOUNTY,8,1,1,4,4,0.5,0,0,0,8
68,Pica,"฿99,000,000",99000000.0,0,STANDARD BOUNTY,4,1,1,2,2,0.5,0,0,0,4
68,Trebol,"฿99,000,000",99000000.0,0,STANDARD BOUNTY,6,1,1,2,4,0.3333333333333333,0,0,0,6
71,Vito,"฿95,000,000",95000000.0,0,STANDARD BOUNTY,4,1,1,2,2,0.5,0,0,0,4
72,Franky,"฿94,000,000",94000000.0,0,STANDARD BOUNTY,6,1,1,1,5,0.16666666666666666,0,0,0,6
72,Rockstar,"฿94,000,000",94000000.0,0,STANDARD BOUNTY,8,1,1,2,6,0.25,0,0,0,8
74,Albion,"฿92,000,000",92000000.0,0,STANDARD BOUNTY,6,1,1,3,3,0.5,0,0,0,6
75,Gotti,"฿90,000,000",90000000.0,0,STANDARD BOUNTY,5,1,1,2,3,0.4,0,0,0,5
76,Lip Doughty,"฿88,000,000",88000000.0,0,STANDARD BOUNTY,11,2,2,3,7,0.2727272727272727,0,0,0,7
77,Brook,"฿83,000,000",83000000.0,0,STANDARD BOUNTY,5,1,1,2,3,0.4,0,0,0,5
78,Crocodile,"฿81,000,000",81000000.0,0,STANDARD BOUNTY,9,1,1,4,5,0.4444444444444444,0,0,0,9
79,Chadros Higelyges,"฿80,060,000",80060000.0,0,STANDARD BOUNTY,17,2,2,5,11,0.29411764705882354,0,0,0,9
80,Boa Hancock,"฿80,000,000",80000000.0,0,STANDARD BOUNTY,11,2,2,4,6,0.36363636363636365,0,0,0,7
81,Nico Olvia,"฿79,000,000",79000000.0,0,STANDARD BOUNTY,10,2,2,5,4,0.5,0,0,0,5
82,Daz Bones,"฿75,000,000",75000000.0,0,STANDARD BOUNTY,9,2,2,3,5,0.3333333333333333,0,0,0,5
82,Raccoon,"฿75,000,000",75000000.0,0,STANDARD BOUNTY,7,1,1,3,4,0.42857142857142855,0,0,0,7
84,Gyro,"฿73,000,000",73000000.0,0,STANDARD BOUNTY,4,1,1,1,3,0.25,0,0,0,4
85,Doc Q,"฿72,000,000",72000000.0,0,STANDARD BOUNTY,5,2,2,1,3,0.2,0,0,0,3
86,Gambia,"฿67,000,000",67000000.0,0,STANDARD BOUNTY,6,1,1,3,3,0.5,0,0,0,6
86,Suleiman,"฿67,000,000",67000000.0,0,STANDARD BOUNTY,8,1,1,4,4,0.5,0,0,0,8
88,Nami,"฿66,000,000",66000000.0,0,STANDARD BOUNTY,4,1,1,2,2,0.5,0,0,0,4
89,Van Augur,"฿64,000,000",64000000.0,0,STANDARD BOUNTY,9,2,2,4,4,0.4444444444444444,0,0,0,5
90,Lao G,"฿61,000,000",61000000.0,0,STANDARD BOUNTY,5,2,2,2,2,0.4,0,0,0,3
91,Devil Dias,"฿60,000,000",60000000.0,0,STANDARD BOUNTY,10,2,2,4,5,0.4,0,0,0,5
92,Senor Pink,"฿58,000,000",58000000.0,0,STANDARD BOUNTY,10,2,2,3,6,0.3,0,0,0,5
93,Kelly Funk,"฿57,000,000",57000000.0,0,STANDARD BOUNTY,10,2,2,2,7,0.2,0,0,0,5
94,(pirate shot by Demaro Black in chapter 598),"฿55,000,000",55000000.0,0,STANDARD BOUNTY,44,8,2,11,21,0.25,0,0,0,7
95,Peachbeard,"฿52,000,000",52000000.0,0,STANDARD BOUNTY,10,1,1,4,6,0.4,0,0,0,10
96,(pirate defeated by Smoker in chapter 439),"฿50,000,000",50000000.0,0,STANDARD BOUNTY,42,7,1,12,19,0.2857142857142857,0,0,0,8
97,Laffitte,"฿42,200,000",42200000.0,0,STANDARD BOUNTY,8,1,1,3,5,0.375,0,0,0,8
98,(criminal defeated by Mr. 3),"฿42,000,000",42000000.0,0,STANDARD BOUNTY,28,5,1,7,13,0.25,0,0,0,9
98,Roshio,"฿42,000,000",42000000.0,0,STANDARD BOUNTY,6,1,1,3,3,0.5,0,0,0,6
100,Boa Marigold,"฿40,000,000",40000000.0,0,STANDARD BOUNTY,12,2,2,5,6,0.4166666666666667,0,0,0,8
100,Boa Sandersonia,"฿40,000,000",40000000.0,0,STANDARD BOUNTY,15,2,2,7,7,0.4666666666666667,0,0,0,11
102,Sarquiss,"฿38,000,000",38000000.0,0,STANDARD BOUNTY,8,1,1,3,5,0.375,0,0,0,8
103,Bobby Funk,"฿36,000,000",36000000.0,0,STANDARD BOUNTY,10,2,2,2,7,0.2,0,0,0,5
103,Mikazuki,"฿36,000,000",36000000.0,0,STANDARD BOUNTY,8,1,1,4,4,0.5,0,0,0,8
103,Shoujou,"฿36,000,000",36000000.0,0,STANDARD BOUNTY,7,1,1,4,3,0.5714285714285714,0,0,0,7
106,Zala,"฿35,000,000",35000000.0,0,STANDARD BOUNTY,4,1,1,2,2,0.5,0,0,0,4
107,Bentham,"฿32,000,000",32000000.0,0,STANDARD BOUNTY,7,1,1,2,5,0.2857142857142857,0,0,0,7
108,Gladius,"฿31,000,000",31000000.0,0,STANDARD BOUNTY,7,1,1,3,4,0.42857142857142855,0,0,0,7
109,Marianne,"฿29,000,000",29000000.0,0,STANDARD BOUNTY,8,1,1,4,4,0.5,0,0,0,8
110,Demaro Black,"฿26,000,000",26000000.0,0,STANDARD BOUNTY,12,2,2,4,7,0.3333333333333333,0,0,0,6
111,Mont Blanc Cricket,"฿25,000,000",25000000.0,0,STANDARD BOUNTY,18,3,3,4,12,0.2222222222222222,0,0,0,7
112,Charlotte Lola,"฿24,000,000",24000000.0,0,STANDARD BOUNTY,14,2,2,5,8,0.35714285714285715,0,0,0,9
112,Foxy,"฿24,000,000",24000000.0,0,STANDARD BOUNTY,4,1,1,1,3,0.25,0,0,0,4
112,Galdino,"฿24,000,000",24000000.0,0,STANDARD BOUNTY,7,1,1,3,4,0.42857142857142855,0,0,0,7
115,Masira,"฿23,000,000",23000000.0,0,STANDARD BOUNTY,6,1,1,3,3,0.5,0,0,0,6
116,Arlong,"฿20,000,000",20000000.0,0,STANDARD BOUNTY,6,1,1,2,4,0.3333333333333333,0,0,0,6
116,Jesus Burgess,"฿20,000,000",20000000.0,0,STANDARD BOUNTY,13,2,2,4,8,0.3076923076923077,0,0,0,7
116,Rock (Yeti),"฿20,000,000",20000000.0,0,STANDARD BOUNTY,11,2,2,3,5,0.2727272727272727,0,0,0,6
116,Scotch (Yeti),"฿20,000,000",20000000.0,0,STANDARD BOUNTY,13,2,2,3,7,0.23076923076923078,0,0,0,6
120,Krieg,"฿17,000,000",17000000.0,0,STANDARD BOUNTY,5,1,1,2,3,0.4,0,0,0,5
120,Lacuba,"฿17,000,000",17000000.0,0,STANDARD BOUNTY,6,1,1,3,3,0.5,0,0,0,6
122,Kuro,"฿16,000,000",16000000.0,0,STANDARD BOUNTY,4,1,1,2,2,0.5,0,0,0,4
123,Buggy,"฿15,000,000",15000000.0,0,STANDARD BOUNTY,5,1,1,1,4,0.2,0,0,0,5
123,Dellinger,"฿15,000,000",15000000.0,0,STANDARD BOUNTY,9,1,1,3,6,0.3333333333333333,0,0,0,9
125,Bluejam,"฿14,300,000",14300000.0,0,STANDARD BOUNTY,7,1,1,3,4,0.42857142857142855,0,0,0,7
126,Drophy,"฿14,000,000",14000000.0,0,STANDARD BOUNTY,6,1,1,1,5,0.16666666666666666,0,0,0,6
127,Gin,"฿12,000,000",12000000.0,0,STANDARD BOUNTY,3,1,1,1,2,0.3333333333333333,0,0,0,3
128,Machvise,"฿11,000,000",11000000.0,0,STANDARD BOUNTY,8,1,1,3,5,0.375,0,0,0,8
129,Gem,"฿10,000,000",10000000.0,0,STANDARD BOUNTY,3,1,1,1,2,0.3333333333333333,0,0,0,3
129,Wellington,"฿10,000,000",10000000.0,0,STANDARD BOUNTY,10,1,1,3,7,0.3,0,0,0,10
131,Jango,"฿9,000,000",9000000.0,0,STANDARD BOUNTY,5,1,1,2,3,0.4,0,0,0,5
131,Kuroobi,"฿9,000,000",9000000.0,0,STANDARD BOUNTY,7,1,1,4,3,0.5714285714285714,0,0,0,7
133,Hatchan,"฿8,000,000",8000000.0,0,STANDARD BOUNTY,7,1,1,2,5,0.2857142857142857,0,0,0,7
133,Higuma,"฿8,000,000",8000000.0,0,STANDARD BOUNTY,6,1,1,3,3,0.5,0,0,0,6
135,Curly Dadan,"฿7,800,000",7800000.0,0,STANDARD BOUNTY,11,2,2,3,7,0.2727272727272727,0,0,0,5
136,Mikita,"฿7,500,000",7500000.0,0,STANDARD BOUNTY,6,1,1,3,3,0.5,0,0,0,6
137,Buchi,"฿7,000,000",7000000.0,0,STANDARD BOUNTY,5,1,1,2,3,0.4,0,0,0,5
137,Sham,"฿7,000,000",7000000.0,0,STANDARD BOUNTY,4,1,1,1,3,0.25,0,0,0,4
139,Chew,"฿5,500,000",5500000.0,0,STANDARD BOUNTY,4,1,1,1,3,0.25,0,0,0,4
140,Alvida,"฿5,000,000",5000000.0,0,STANDARD BOUNTY,6,1,1,3,3,0.5,0,0,0,6
141,Porchemy,"฿3,400,000",3400000.0,0,STANDARD BOUNTY,8,1,1,2,6,0.25,0,0,0,8
142,Babe,"฿3,200,000",3200000.0,0,STANDARD BOUNTY,4,1,1,2,2,0.5,0,0,0,4
144,Bepo,฿500,500.0,0,STANDARD BOUNTY,4,1,1,2,2,0.5,0,0,0,4
145,Tony Tony Chopper,฿100,100.0,0,STANDARD BOUNTY,17,3,3,4,11,0.23529411764705882,0,0,0,7
